at_least,less_than,single,joint,separate,head_of_household
0,5,0,0,0,0
5,15,1,1,1,1
15,25,2,2,2,2
25,50,4,4,4,4
50,75,6,6,6,6
75,100,9,9,9,9
100,125,11,11,11,11
125,150,14,14,14,14
150,175,16,16,16,16
175,200,19,19,19,19
200,225,21,21,21,21
225,250,24,24,24,24
250,275,26,26,26,26
275,300,29,29,29,29
300,325,31,31,31,31
325,350,34,34,34,34
350,375,36,36,36,36
375,400,39,39,39,39
400,425,41,41,41,41
425,450,44,44,44,44
450,475,46,46,46,46
475,500,49,49,49,49
500,525,51,51,51,51
525,550,54,54,54,54
550,575,56,56,56,56
575,600,59,59,59,59
600,625,61,61,61,61
625,650,64,64,64,64
650,675,66,66,66,66
675,700,69,69,69,69
700,725,71,71,71,71
725,750,74,74,74,74
750,775,76,76,76,76
775,800,79,79,79,79
800,825,81,81,81,81
825,850,84,84,84,84
850,875,86,86,86,86
875,900,89,89,89,89
900,925,91,91,91,91
925,950,94,94,94,94
950,975,96,96,96,96
975,1000,99,99,99,99
1000,1025,101,101,101,101
1025,1050,104,104,104,104
1050,1075,106,106,106,106
1075,1100,109,109,109,109
1100,1125,111,111,111,111
1125,1150,114,114,114,114
1150,1175,116,116,116,116
1175,1200,119,119,119,119
1200,1225,121,121,121,121
1225,1250,124,124,124,124
1250,1275,126,126,126,126
1275,1300,129,129,129,129
1300,1325,131,131,131,131
1325,1350,134,134,134,134
1350,1375,136,136,136,136
1375,1400,139,139,139,139
1400,1425,141,141,141,141
1425,1450,144,144,144,144
1450,1475,146,146,146,146
1475,1500,149,149,149,149
1500,1525,151,151,151,151
1525,1550,154,154,154,154
1550,1575,156,156,156,156
1575,1600,159,159,159,159
1600,1625,161,161,161,161
1625,1650,164,164,164,164
1650,1675,166,166,166,166
1675,1700,169,169,169,169
1700,1725,171,171,171,171
1725,1750,174,174,174,174
1750,1775,176,176,176,176
1775,1800,179,179,179,179
1800,1825,181,181,181,181
1825,1850,184,184,184,184
1850,1875,186,186,186,186
1875,1900,189,189,189,189
1900,1925,191,191,191,191
1925,1950,194,194,194,194
1950,1975,196,196,196,196
1975,2000,199,199,199,199
2000,2025,201,201,201,201
2025,2050,204,204,204,204
2050,2075,206,206,206,206
2075,2100,209,209,209,209
2100,2125,211,211,211,211
2125,2150,214,214,214,214
2150,2175,216,216,216,216
2175,2200,219,219,219,219
2200,2225,221,221,221,221
2225,2250,224,224,224,224
2250,2275,226,226,226,226
2275,2300,229,229,229,229
2300,2325,231,231,231,231
2325,2350,234,234,234,234
2350,2375,236,236,236,236
2375,2400,239,239,239,239
2400,2425,241,241,241,241
2425,2450,244,244,244,244
2450,2475,246,246,246,246
2475,2500,249,249,249,249
2500,2525,251,251,251,251
2525,2550,254,254,254,254
2550,2575,256,256,256,256
2575,2600,259,259,259,259
2600,2625,261,261,261,261
2625,2650,264,264,264,264
2650,2675,266,266,266,266
2675,2700,269,269,269,269
2700,2725,271,271,271,271
2725,2750,274,274,274,274
2750,2775,276,276,276,276
2775,2800,279,279,279,279
2800,2825,281,281,281,281
2825,2850,284,284,284,284
2850,2875,286,286,286,286
2875,2900,289,289,289,289
2900,2925,291,291,291,291
2925,2950,294,294,294,294
2950,2975,296,296,296,296
2975,3000,299,299,299,299
3000,3050,303,303,303,303
3050,3100,308,308,308,308
3100,3150,313,313,313,313
3150,3200,318,318,318,318
3200,3250,323,323,323,323
3250,3300,328,328,328,328
3300,3350,333,333,333,333
3350,3400,338,338,338,338
3400,3450,343,343,343,343
3450,3500,348,348,348,348
3500,3550,353,353,353,353
3550,3600,358,358,358,358
3600,3650,363,363,363,363
3650,3700,368,368,368,368
3700,3750,373,373,373,373
3750,3800,378,378,378,378
3800,3850,383,383,383,383
3850,3900,388,388,388,388
3900,3950,393,393,393,393
3950,4000,398,398,398,398
4000,4050,403,403,403,403
4050,4100,408,408,408,408
4100,4150,413,413,413,413
4150,4200,418,418,418,418
4200,4250,423,423,423,423
4250,4300,428,428,428,428
4300,4350,433,433,433,433
4350,4400,438,438,438,438
4400,4450,443,443,443,443
4450,4500,448,448,448,448
4500,4550,453,453,453,453
4550,4600,458,458,458,458
4600,4650,463,463,463,463
4650,4700,468,468,468,468
4700,4750,473,473,473,473
4750,4800,478,478,478,478
4800,4850,483,483,483,483
4850,4900,488,488,488,488
4900,4950,493,493,493,493
4950,5000,498,498,498,498
5000,5050,503,503,503,503
5050,5100,508,508,508,508
5100,5150,513,513,513,513
5150,5200,518,518,518,518
5200,5250,523,523,523,523
5250,5300,528,528,528,528
5300,5350,533,533,533,533
5350,5400,538,538,538,538
5400,5450,543,543,543,543
5450,5500,548,548,548,548
5500,5550,553,553,553,553
5550,5600,558,558,558,558
5600,5650,563,563,563,563
5650,5700,568,568,568,568
5700,5750,573,573,573,573
5750,5800,578,578,578,578
5800,5850,583,583,583,583
5850,5900,588,588,588,588
5900,5950,593,593,593,593
5950,6000,598,598,598,598
6000,6050,603,603,603,603
6050,6100,608,608,608,608
6100,6150,613,613,613,613
6150,6200,618,618,618,618
6200,6250,623,623,623,623
6250,6300,628,628,628,628
6300,6350,633,633,633,633
6350,6400,638,638,638,638
6400,6450,643,643,643,643
6450,6500,648,648,648,648
6500,6550,653,653,653,653
6550,6600,658,658,658,658
6600,6650,663,663,663,663
6650,6700,668,668,668,668
6700,6750,673,673,673,673
6750,6800,678,678,678,678
6800,6850,683,683,683,683
6850,6900,688,688,688,688
6900,6950,693,693,693,693
6950,7000,698,698,698,698
7000,7050,703,703,703,703
7050,7100,708,708,708,708
7100,7150,713,713,713,713
7150,7200,718,718,718,718
7200,7250,723,723,723,723
7250,7300,728,728,728,728
7300,7350,733,733,733,733
7350,7400,738,738,738,738
7400,7450,743,743,743,743
7450,7500,748,748,748,748
7500,7550,753,753,753,753
7550,7600,758,758,758,758
7600,7650,763,763,763,763
7650,7700,768,768,768,768
7700,7750,773,773,773,773
7750,7800,778,778,778,778
7800,7850,783,783,783,783
7850,7900,788,788,788,788
7900,7950,793,793,793,793
7950,8000,798,798,798,798
8000,8050,803,803,803,803
8050,8100,808,808,808,808
8100,8150,813,813,813,813
8150,8200,818,818,818,818
8200,8250,823,823,823,823
8250,8300,828,828,828,828
8300,8350,833,833,833,833
8350,8400,838,838,838,838
8400,8450,843,843,843,843
8450,8500,848,848,848,848
8500,8550,853,853,853,853
8550,8600,858,858,858,858
8600,8650,863,863,863,863
8650,8700,868,868,868,868
8700,8750,873,873,873,873
8750,8800,878,878,878,878
8800,8850,883,883,883,883
8850,8900,888,888,888,888
8900,8950,893,893,893,893
8950,9000,898,898,898,898
9000,9050,903,903,903,903
9050,9100,908,908,908,908
9100,9150,913,913,913,913
9150,9200,918,918,918,918
9200,9250,923,923,923,923
9250,9300,928,928,928,928
9300,9350,933,933,933,933
9350,9400,938,938,938,938
9400,9450,943,943,943,943
9450,9500,948,948,948,948
9500,9550,953,953,953,953
9550,9600,958,958,958,958
9600,9650,963,963,963,963
9650,9700,968,968,968,968
9700,9750,973,973,973,973
9750,9800,978,978,978,978
9800,9850,983,983,983,983
9850,9900,988,988,988,988
9900,9950,993,993,993,993
9950,10000,998,998,998,998
10000,10050,1003,1003,1003,1003
10050,10100,1008,1008,1008,1008
10100,10150,1013,1013,1013,1013
10150,10200,1018,1018,1018,1018
10200,10250,1023,1023,1023,1023
10250,10300,1028,1028,1028,1028
10300,10350,1033,1033,1033,1033
10350,10400,1038,1038,1038,1038
10400,10450,1043,1043,1043,1043
10450,10500,1048,1048,1048,1048
10500,10550,1053,1053,1053,1053
10550,10600,1058,1058,1058,1058
10600,10650,1063,1063,1063,1063
10650,10700,1068,1068,1068,1068
10700,10750,1073,1073,1073,1073
10750,10800,1078,1078,1078,1078
10800,10850,1083,1083,1083,1083
10850,10900,1088,1088,1088,1088
10900,10950,1093,1093,1093,1093
10950,11000,1098,1098,1098,1098
11000,11050,1103,1103,1103,1103
11050,11100,1108,1108,1108,1108
11100,11150,1113,1113,1113,1113
11150,11200,1118,1118,1118,1118
11200,11250,1123,1123,1123,1123
11250,11300,1128,1128,1128,1128
11300,11350,1133,1133,1133,1133
11350,11400,1138,1138,1138,1138
11400,11450,1143,1143,1143,1143
11450,11500,1148,1148,1148,1148
11500,11550,1153,1153,1153,1153
11550,11600,1158,1158,1158,1158
11600,11650,1163,1163,1163,1163
11650,11700,1168,1168,1168,1168
11700,11750,1173,1173,1173,1173
11750,11800,1178,1178,1178,1178
11800,11850,1183,1183,1183,1183
11850,11900,1188,1188,1188,1188
11900,11950,1193,1193,1193,1193
11950,12000,1198,1198,1198,1198
12000,12050,1203,1203,1203,1203
12050,12100,1208,1208,1208,1208
12100,12150,1213,1213,1213,1213
12150,12200,1218,1218,1218,1218
12200,12250,1223,1223,1223,1223
12250,12300,1228,1228,1228,1228
12300,12350,1233,1233,1233,1233
12350,12400,1238,1238,1238,1238
12400,12450,1243,1243,1243,1243
12450,12500,1249,1248,1249,1248
12500,12550,1255,1253,1255,1253
12550,12600,1261,1258,1261,1258
12600,12650,1267,1263,1267,1263
12650,12700,1273,1268,1273,1268
12700,12750,1279,1273,1279,1273
12750,12800,1285,1278,1285,1278
12800,12850,1291,1283,1291,1283
12850,12900,1297,1288,1297,1288
12900,12950,1303,1293,1303,1293
12950,13000,1309,1298,1309,1298
13000,13050,1315,1303,1315,1303
13050,13100,1321,1308,1321,1308
13100,13150,1327,1313,1327,1313
13150,13200,1333,1318,1333,1318
13200,13250,1339,1323,1339,1323
13250,13300,1345,1328,1345,1328
13300,13350,1351,1333,1351,1333
13350,13400,1357,1338,1357,1338
13400,13450,1363,1343,1363,1343
13450,13500,1369,1348,1369,1348
13500,13550,1375,1353,1375,1353
13550,13600,1381,1358,1381,1358
13600,13650,1387,1363,1387,1363
13650,13700,1393,1368,1393,1368
13700,13750,1399,1373,1399,1373
13750,13800,1405,1378,1405,1378
13800,13850,1411,1383,1411,1383
13850,13900,1417,1388,1417,1388
13900,13950,1423,1393,1423,1393
13950,14000,1429,1398,1429,1398
14000,14050,1435,1403,1435,1403
14050,14100,1441,1408,1441,1408
14100,14150,1447,1413,1447,1413
14150,14200,1453,1418,1453,1418
14200,14250,1459,1423,1459,1423
14250,14300,1465,1428,1465,1428
14300,14350,1471,1433,1471,1433
14350,14400,1477,1438,1477,1438
14400,14450,1483,1443,1483,1443
14450,14500,1489,1448,1489,1448
14500,14550,1495,1453,1495,1453
14550,14600,1501,1458,1501,1458
14600,14650,1507,1463,1507,1463
14650,14700,1513,1468,1513,1468
14700,14750,1519,1473,1519,1473
14750,14800,1525,1478,1525,1478
14800,14850,1531,1483,1531,1483
14850,14900,1537,1488,1537,1488
14900,14950,1543,1493,1543,1493
14950,15000,1549,1498,1549,1498
15000,15050,1555,1503,1555,1503
15050,15100,1561,1508,1561,1508
15100,15150,1567,1513,1567,1513
15150,15200,1573,1518,1573,1518
15200,15250,1579,1523,1579,1523
15250,15300,1585,1528,1585,1528
15300,15350,1591,1533,1591,1533
15350,15400,1597,1538,1597,1538
15400,15450,1603,1543,1603,1543
15450,15500,1609,1548,1609,1548
15500,15550,1615,1553,1615,1553
15550,15600,1621,1558,1621,1558
15600,15650,1627,1563,1627,1563
15650,15700,1633,1568,1633,1568
15700,15750,1639,1573,1639,1573
15750,15800,1645,1578,1645,1578
15800,15850,1651,1583,1651,1583
15850,15900,1657,1588,1657,1588
15900,15950,1663,1593,1663,1593
15950,16000,1669,1598,1669,1598
16000,16050,1675,1603,1675,1603
16050,16100,1681,1608,1681,1608
16100,16150,1687,1613,1687,1613
16150,16200,1693,1618,1693,1618
16200,16250,1699,1623,1699,1623
16250,16300,1705,1628,1705,1628
16300,16350,1711,1633,1711,1633
16350,16400,1717,1638,1717,1638
16400,16450,1723,1643,1723,1643
16450,16500,1729,1648,1729,1648
16500,16550,1735,1653,1735,1653
16550,16600,1741,1658,1741,1658
16600,16650,1747,1663,1747,1663
16650,16700,1753,1668,1753,1668
16700,16750,1759,1673,1759,1673
16750,16800,1765,1678,1765,1678
16800,16850,1771,1683,1771,1683
16850,16900,1777,1688,1777,1688
16900,16950,1783,1693,1783,1693
16950,17000,1789,1698,1789,1698
17000,17050,1795,1703,1795,1703
17050,17100,1801,1708,1801,1708
17100,17150,1807,1713,1807,1713
17150,17200,1813,1718,1813,1718
17200,17250,1819,1723,1819,1723
17250,17300,1825,1728,1825,1728
17300,17350,1831,1733,1831,1733
17350,17400,1837,1738,1837,1738
17400,17450,1843,1743,1843,1743
17450,17500,1849,1748,1849,1748
17500,17550,1855,1753,1855,1753
17550,17600,1861,1758,1861,1758
17600,17650,1867,1763,1867,1763
17650,17700,1873,1768,1873,1768
17700,17750,1879,1773,1879,1773
17750,17800,1885,1778,1885,1779
17800,17850,1891,1783,1891,1785
17850,17900,1897,1788,1897,1791
17900,17950,1903,1793,1903,1797
17950,18000,1909,1798,1909,1803
18000,18050,1915,1803,1915,1809
18050,18100,1921,1808,1921,1815
18100,18150,1927,1813,1927,1821
18150,18200,1933,1818,1933,1827
18200,18250,1939,1823,1939,1833
18250,18300,1945,1828,1945,1839
18300,18350,1951,1833,1951,1845
18350,18400,1957,1838,1957,1851
18400,18450,1963,1843,1963,1857
18450,18500,1969,1848,1969,1863
18500,18550,1975,1853,1975,1869
18550,18600,1981,1858,1981,1875
18600,18650,1987,1863,1987,1881
18650,18700,1993,1868,1993,1887
18700,18750,1999,1873,1999,1893
18750,18800,2005,1878,2005,1899
18800,18850,2011,1883,2011,1905
18850,18900,2017,1888,2017,1911
18900,18950,2023,1893,2023,1917
18950,19000,2029,1898,2029,1923
19000,19050,2035,1903,2035,1929
19050,19100,2041,1908,2041,1935
19100,19150,2047,1913,2047,1941
19150,19200,2053,1918,2053,1947
19200,19250,2059,1923,2059,1953
19250,19300,2065,1928,2065,1959
19300,19350,2071,1933,2071,1965
19350,19400,2077,1938,2077,1971
19400,19450,2083,1943,2083,1977
19450,19500,2089,1948,2089,1983
19500,19550,2095,1953,2095,1989
19550,19600,2101,1958,2101,1995
19600,19650,2107,1963,2107,2001
19650,19700,2113,1968,2113,2007
19700,19750,2119,1973,2119,2013
19750,19800,2125,1978,2125,2019
19800,19850,2131,1983,2131,2025
19850,19900,2137,1988,2137,2031
19900,19950,2143,1993,2143,2037
19950,20000,2149,1998,2149,2043
20000,20050,2155,2003,2155,2049
20050,20100,2161,2008,2161,2055
20100,20150,2167,2013,2167,2061
20150,20200,2173,2018,2173,2067
20200,20250,2179,2023,2179,2073
20250,20300,2185,2028,2185,2079
20300,20350,2191,2033,2191,2085
20350,20400,2197,2038,2197,2091
20400,20450,2203,2043,2203,2097
20450,20500,2209,2048,2209,2103
20500,20550,2215,2053,2215,2109
20550,20600,2221,2058,2221,2115
20600,20650,2227,2063,2227,2121
20650,20700,2233,2068,2233,2127
20700,20750,2239,2073,2239,2133
20750,20800,2245,2078,2245,2139
20800,20850,2251,2083,2251,2145
20850,20900,2257,2088,2257,2151
20900,20950,2263,2093,2263,2157
20950,21000,2269,2098,2269,2163
21000,21050,2275,2103,2275,2169
21050,21100,2281,2108,2281,2175
21100,21150,2287,2113,2287,2181
21150,21200,2293,2118,2293,2187
21200,21250,2299,2123,2299,2193
21250,21300,2305,2128,2305,2199
21300,21350,2311,2133,2311,2205
21350,21400,2317,2138,2317,2211
21400,21450,2323,2143,2323,2217
21450,21500,2329,2148,2329,2223
21500,21550,2335,2153,2335,2229
21550,21600,2341,2158,2341,2235
21600,21650,2347,2163,2347,2241
21650,21700,2353,2168,2353,2247
21700,21750,2359,2173,2359,2253
21750,21800,2365,2178,2365,2259
21800,21850,2371,2183,2371,2265
21850,21900,2377,2188,2377,2271
21900,21950,2383,2193,2383,2277
21950,22000,2389,2198,2389,2283
22000,22050,2395,2203,2395,2289
22050,22100,2401,2208,2401,2295
22100,22150,2407,2213,2407,2301
22150,22200,2413,2218,2413,2307
22200,22250,2419,2223,2419,2313
22250,22300,2425,2228,2425,2319
22300,22350,2431,2233,2431,2325
22350,22400,2437,2238,2437,2331
22400,22450,2443,2243,2443,2337
22450,22500,2449,2248,2449,2343
22500,22550,2455,2253,2455,2349
22550,22600,2461,2258,2461,2355
22600,22650,2467,2263,2467,2361
22650,22700,2473,2268,2473,2367
22700,22750,2479,2273,2479,2373
22750,22800,2485,2278,2485,2379
22800,22850,2491,2283,2491,2385
22850,22900,2497,2288,2497,2391
22900,22950,2503,2293,2503,2397
22950,23000,2509,2298,2509,2403
23000,23050,2515,2303,2515,2409
23050,23100,2521,2308,2521,2415
23100,23150,2527,2313,2527,2421
23150,23200,2533,2318,2533,2427
23200,23250,2539,2323,2539,2433
23250,23300,2545,2328,2545,2439
23300,23350,2551,2333,2551,2445
23350,23400,2557,2338,2557,2451
23400,23450,2563,2343,2563,2457
23450,23500,2569,2348,2569,2463
23500,23550,2575,2353,2575,2469
23550,23600,2581,2358,2581,2475
23600,23650,2587,2363,2587,2481
23650,23700,2593,2368,2593,2487
23700,23750,2599,2373,2599,2493
23750,23800,2605,2378,2605,2499
23800,23850,2611,2383,2611,2505
23850,23900,2617,2388,2617,2511
23900,23950,2623,2393,2623,2517
23950,24000,2629,2398,2629,2523
24000,24050,2635,2403,2635,2529
24050,24100,2641,2408,2641,2535
24100,24150,2647,2413,2647,2541
24150,24200,2653,2418,2653,2547
24200,24250,2659,2423,2659,2553
24250,24300,2665,2428,2665,2559
24300,24350,2671,2433,2671,2565
24350,24400,2677,2438,2677,2571
24400,24450,2683,2443,2683,2577
24450,24500,2689,2448,2689,2583
24500,24550,2695,2453,2695,2589
24550,24600,2701,2458,2701,2595
24600,24650,2707,2463,2707,2601
24650,24700,2713,2468,2713,2607
24700,24750,2719,2473,2719,2613
24750,24800,2725,2478,2725,2619
24800,24850,2731,2483,2731,2625
24850,24900,2737,2489,2737,2631
24900,24950,2743,2495,2743,2637
24950,25000,2749,2501,2749,2643
25000,25050,2755,2507,2755,2649
25050,25100,2761,2513,2761,2655
25100,25150,2767,2519,2767,2661
25150,25200,2773,2525,2773,2667
25200,25250,2779,2531,2779,2673
25250,25300,2785,2537,2785,2679
25300,25350,2791,2543,2791,2685
25350,25400,2797,2549,2797,2691
25400,25450,2803,2555,2803,2697
25450,25500,2809,2561,2809,2703
25500,25550,2815,2567,2815,2709
25550,25600,2821,2573,2821,2715
25600,25650,2827,2579,2827,2721
25650,25700,2833,2585,2833,2727
25700,25750,2839,2591,2839,2733
25750,25800,2845,2597,2845,2739
25800,25850,2851,2603,2851,2745
25850,25900,2857,2609,2857,2751
25900,25950,2863,2615,2863,2757
25950,26000,2869,2621,2869,2763
26000,26050,2875,2627,2875,2769
26050,26100,2881,2633,2881,2775
26100,26150,2887,2639,2887,2781
26150,26200,2893,2645,2893,2787
26200,26250,2899,2651,2899,2793
26250,26300,2905,2657,2905,2799
26300,26350,2911,2663,2911,2805
26350,26400,2917,2669,2917,2811
26400,26450,2923,2675,2923,2817
26450,26500,2929,2681,2929,2823
26500,26550,2935,2687,2935,2829
26550,26600,2941,2693,2941,2835
26600,26650,2947,2699,2947,2841
26650,26700,2953,2705,2953,2847
26700,26750,2959,2711,2959,2853
26750,26800,2965,2717,2965,2859
26800,26850,2971,2723,2971,2865
26850,26900,2977,2729,2977,2871
26900,26950,2983,2735,2983,2877
26950,27000,2989,2741,2989,2883
27000,27050,2995,2747,2995,2889
27050,27100,3001,2753,3001,2895
27100,27150,3007,2759,3007,2901
27150,27200,3013,2765,3013,2907
27200,27250,3019,2771,3019,2913
27250,27300,3025,2777,3025,2919
27300,27350,3031,2783,3031,2925
27350,27400,3037,2789,3037,2931
27400,27450,3043,2795,3043,2937
27450,27500,3049,2801,3049,2943
27500,27550,3055,2807,3055,2949
27550,27600,3061,2813,3061,2955
27600,27650,3067,2819,3067,2961
27650,27700,3073,2825,3073,2967
27700,27750,3079,2831,3079,2973
27750,27800,3085,2837,3085,2979
27800,27850,3091,2843,3091,2985
27850,27900,3097,2849,3097,2991
27900,27950,3103,2855,3103,2997
27950,28000,3109,2861,3109,3003
28000,28050,3115,2867,3115,3009
28050,28100,3121,2873,3121,3015
28100,28150,3127,2879,3127,3021
28150,28200,3133,2885,3133,3027
28200,28250,3139,2891,3139,3033
28250,28300,3145,2897,3145,3039
28300,28350,3151,2903,3151,3045
28350,28400,3157,2909,3157,3051
28400,28450,3163,2915,3163,3057
28450,28500,3169,2921,3169,3063
28500,28550,3175,2927,3175,3069
28550,28600,3181,2933,3181,3075
28600,28650,3187,2939,3187,3081
28650,28700,3193,2945,3193,3087
28700,28750,3199,2951,3199,3093
28750,28800,3205,2957,3205,3099
28800,28850,3211,2963,3211,3105
28850,28900,3217,2969,3217,3111
28900,28950,3223,2975,3223,3117
28950,29000,3229,2981,3229,3123
29000,29050,3235,2987,3235,3129
29050,29100,3241,2993,3241,3135
29100,29150,3247,2999,3247,3141
29150,29200,3253,3005,3253,3147
29200,29250,3259,3011,3259,3153
29250,29300,3265,3017,3265,3159
29300,29350,3271,3023,3271,3165
29350,29400,3277,3029,3277,3171
29400,29450,3283,3035,3283,3177
29450,29500,3289,3041,3289,3183
29500,29550,3295,3047,3295,3189
29550,29600,3301,3053,3301,3195
29600,29650,3307,3059,3307,3201
29650,29700,3313,3065,3313,3207
29700,29750,3319,3071,3319,3213
29750,29800,3325,3077,3325,3219
29800,29850,3331,3083,3331,3225
29850,29900,3337,3089,3337,3231
29900,29950,3343,3095,3343,3237
29950,30000,3349,3101,3349,3243
30000,30050,3355,3107,3355,3249
30050,30100,3361,3113,3361,3255
30100,30150,3367,3119,3367,3261
30150,30200,3373,3125,3373,3267
30200,30250,3379,3131,3379,3273
30250,30300,3385,3137,3385,3279
30300,30350,3391,3143,3391,3285
30350,30400,3397,3149,3397,3291
30400,30450,3403,3155,3403,3297
30450,30500,3409,3161,3409,3303
30500,30550,3415,3167,3415,3309
30550,30600,3421,3173,3421,3315
30600,30650,3427,3179,3427,3321
30650,30700,3433,3185,3433,3327
30700,30750,3439,3191,3439,3333
30750,30800,3445,3197,3445,3339
30800,30850,3451,3203,3451,3345
30850,30900,3457,3209,3457,3351
30900,30950,3463,3215,3463,3357
30950,31000,3469,3221,3469,3363
31000,31050,3475,3227,3475,3369
31050,31100,3481,3233,3481,3375
31100,31150,3487,3239,3487,3381
31150,31200,3493,3245,3493,3387
31200,31250,3499,3251,3499,3393
31250,31300,3505,3257,3505,3399
31300,31350,3511,3263,3511,3405
31350,31400,3517,3269,3517,3411
31400,31450,3523,3275,3523,3417
31450,31500,3529,3281,3529,3423
31500,31550,3535,3287,3535,3429
31550,31600,3541,3293,3541,3435
31600,31650,3547,3299,3547,3441
31650,31700,3553,3305,3553,3447
31700,31750,3559,3311,3559,3453
31750,31800,3565,3317,3565,3459
31800,31850,3571,3323,3571,3465
31850,31900,3577,3329,3577,3471
31900,31950,3583,3335,3583,3477
31950,32000,3589,3341,3589,3483
32000,32050,3595,3347,3595,3489
32050,32100,3601,3353,3601,3495
32100,32150,3607,3359,3607,3501
32150,32200,3613,3365,3613,3507
32200,32250,3619,3371,3619,3513
32250,32300,3625,3377,3625,3519
32300,32350,3631,3383,3631,3525
32350,32400,3637,3389,3637,3531
32400,32450,3643,3395,3643,3537
32450,32500,3649,3401,3649,3543
32500,32550,3655,3407,3655,3549
32550,32600,3661,3413,3661,3555
32600,32650,3667,3419,3667,3561
32650,32700,3673,3425,3673,3567
32700,32750,3679,3431,3679,3573
32750,32800,3685,3437,3685,3579
32800,32850,3691,3443,3691,3585
32850,32900,3697,3449,3697,3591
32900,32950,3703,3455,3703,3597
32950,33000,3709,3461,3709,3603
33000,33050,3715,3467,3715,3609
33050,33100,3721,3473,3721,3615
33100,33150,3727,3479,3727,3621
33150,33200,3733,3485,3733,3627
33200,33250,3739,3491,3739,3633
33250,33300,3745,3497,3745,3639
33300,33350,3751,3503,3751,3645
33350,33400,3757,3509,3757,3651
33400,33450,3763,3515,3763,3657
33450,33500,3769,3521,3769,3663
33500,33550,3775,3527,3775,3669
33550,33600,3781,3533,3781,3675
33600,33650,3787,3539,3787,3681
33650,33700,3793,3545,3793,3687
33700,33750,3799,3551,3799,3693
33750,33800,3805,3557,3805,3699
33800,33850,3811,3563,3811,3705
33850,33900,3817,3569,3817,3711
33900,33950,3823,3575,3823,3717
33950,34000,3829,3581,3829,3723
34000,34050,3835,3587,3835,3729
34050,34100,3841,3593,3841,3735
34100,34150,3847,3599,3847,3741
34150,34200,3853,3605,3853,3747
34200,34250,3859,3611,3859,3753
34250,34300,3865,3617,3865,3759
34300,34350,3871,3623,3871,3765
34350,34400,3877,3629,3877,3771
34400,34450,3883,3635,3883,3777
34450,34500,3889,3641,3889,3783
34500,34550,3895,3647,3895,3789
34550,34600,3901,3653,3901,3795
34600,34650,3907,3659,3907,3801
34650,34700,3913,3665,3913,3807
34700,34750,3919,3671,3919,3813
34750,34800,3925,3677,3925,3819
34800,34850,3931,3683,3931,3825
34850,34900,3937,3689,3937,3831
34900,34950,3943,3695,3943,3837
34950,35000,3949,3701,3949,3843
35000,35050,3955,3707,3955,3849
35050,35100,3961,3713,3961,3855
35100,35150,3967,3719,3967,3861
35150,35200,3973,3725,3973,3867
35200,35250,3979,3731,3979,3873
35250,35300,3985,3737,3985,3879
35300,35350,3991,3743,3991,3885
35350,35400,3997,3749,3997,3891
35400,35450,4003,3755,4003,3897
35450,35500,4009,3761,4009,3903
35500,35550,4015,3767,4015,3909
35550,35600,4021,3773,4021,3915
35600,35650,4027,3779,4027,3921
35650,35700,4033,3785,4033,3927
35700,35750,4039,3791,4039,3933
35750,35800,4045,3797,4045,3939
35800,35850,4051,3803,4051,3945
35850,35900,4057,3809,4057,3951
35900,35950,4063,3815,4063,3957
35950,36000,4069,3821,4069,3963
36000,36050,4075,3827,4075,3969
36050,36100,4081,3833,4081,3975
36100,36150,4087,3839,4087,3981
36150,36200,4093,3845,4093,3987
36200,36250,4099,3851,4099,3993
36250,36300,4105,3857,4105,3999
36300,36350,4111,3863,4111,4005
36350,36400,4117,3869,4117,4011
36400,36450,4123,3875,4123,4017
36450,36500,4129,3881,4129,4023
36500,36550,4135,3887,4135,4029
36550,36600,4141,3893,4141,4035
36600,36650,4147,3899,4147,4041
36650,36700,4153,3905,4153,4047
36700,36750,4159,3911,4159,4053
36750,36800,4165,3917,4165,4059
36800,36850,4171,3923,4171,4065
36850,36900,4177,3929,4177,4071
36900,36950,4183,3935,4183,4077
36950,37000,4189,3941,4189,4083
37000,37050,4195,3947,4195,4089
37050,37100,4201,3953,4201,4095
37100,37150,4207,3959,4207,4101
37150,37200,4213,3965,4213,4107
37200,37250,4219,3971,4219,4113
37250,37300,4225,3977,4225,4119
37300,37350,4231,3983,4231,4125
37350,37400,4237,3989,4237,4131
37400,37450,4243,3995,4243,4137
37450,37500,4249,4001,4249,4143
37500,37550,4255,4007,4255,4149
37550,37600,4261,4013,4261,4155
37600,37650,4267,4019,4267,4161
37650,37700,4273,4025,4273,4167
37700,37750,4279,4031,4279,4173
37750,37800,4285,4037,4285,4179
37800,37850,4291,4043,4291,4185
37850,37900,4297,4049,4297,4191
37900,37950,4303,4055,4303,4197
37950,38000,4309,4061,4309,4203
38000,38050,4315,4067,4315,4209
38050,38100,4321,4073,4321,4215
38100,38150,4327,4079,4327,4221
38150,38200,4333,4085,4333,4227
38200,38250,4339,4091,4339,4233
38250,38300,4345,4097,4345,4239
38300,38350,4351,4103,4351,4245
38350,38400,4357,4109,4357,4251
38400,38450,4363,4115,4363,4257
38450,38500,4369,4121,4369,4263
38500,38550,4375,4127,4375,4269
38550,38600,4381,4133,4381,4275
38600,38650,4387,4139,4387,4281
38650,38700,4393,4145,4393,4287
38700,38750,4399,4151,4399,4293
38750,38800,4405,4157,4405,4299
38800,38850,4411,4163,4411,4305
38850,38900,4417,4169,4417,4311
38900,38950,4423,4175,4423,4317
38950,39000,4429,4181,4429,4323
39000,39050,4435,4187,4435,4329
39050,39100,4441,4193,4441,4335
39100,39150,4447,4199,4447,4341
39150,39200,4453,4205,4453,4347
39200,39250,4459,4211,4459,4353
39250,39300,4465,4217,4465,4359
39300,39350,4471,4223,4471,4365
39350,39400,4477,4229,4477,4371
39400,39450,4483,4235,4483,4377
39450,39500,4489,4241,4489,4383
39500,39550,4495,4247,4495,4389
39550,39600,4501,4253,4501,4395
39600,39650,4507,4259,4507,4401
39650,39700,4513,4265,4513,4407
39700,39750,4519,4271,4519,4413
39750,39800,4525,4277,4525,4419
39800,39850,4531,4283,4531,4425
39850,39900,4537,4289,4537,4431
39900,39950,4543,4295,4543,4437
39950,40000,4549,4301,4549,4443
40000,40050,4555,4307,4555,4449
40050,40100,4561,4313,4561,4455
40100,40150,4567,4319,4567,4461
40150,40200,4573,4325,4573,4467
40200,40250,4579,4331,4579,4473
40250,40300,4585,4337,4585,4479
40300,40350,4591,4343,4591,4485
40350,40400,4597,4349,4597,4491
40400,40450,4603,4355,4603,4497
40450,40500,4609,4361,4609,4503
40500,40550,4615,4367,4615,4509
40550,40600,4621,4373,4621,4515
40600,40650,4627,4379,4627,4521
40650,40700,4633,4385,4633,4527
40700,40750,4639,4391,4639,4533
40750,40800,4645,4397,4645,4539
40800,40850,4651,4403,4651,4545
40850,40900,4657,4409,4657,4551
40900,40950,4663,4415,4663,4557
40950,41000,4669,4421,4669,4563
41000,41050,4675,4427,4675,4569
41050,41100,4681,4433,4681,4575
41100,41150,4687,4439,4687,4581
41150,41200,4693,4445,4693,4587
41200,41250,4699,4451,4699,4593
41250,41300,4705,4457,4705,4599
41300,41350,4711,4463,4711,4605
41350,41400,4717,4469,4717,4611
41400,41450,4723,4475,4723,4617
41450,41500,4729,4481,4729,4623
41500,41550,4735,4487,4735,4629
41550,41600,4741,4493,4741,4635
41600,41650,4747,4499,4747,4641
41650,41700,4753,4505,4753,4647
41700,41750,4759,4511,4759,4653
41750,41800,4765,4517,4765,4659
41800,41850,4771,4523,4771,4665
41850,41900,4777,4529,4777,4671
41900,41950,4783,4535,4783,4677
41950,42000,4789,4541,4789,4683
42000,42050,4795,4547,4795,4689
42050,42100,4801,4553,4801,4695
42100,42150,4807,4559,4807,4701
42150,42200,4813,4565,4813,4707
42200,42250,4819,4571,4819,4713
42250,42300,4825,4577,4825,4719
42300,42350,4831,4583,4831,4725
42350,42400,4837,4589,4837,4731
42400,42450,4843,4595,4843,4737
42450,42500,4849,4601,4849,4743
42500,42550,4855,4607,4855,4749
42550,42600,4861,4613,4861,4755
42600,42650,4867,4619,4867,4761
42650,42700,4873,4625,4873,4767
42700,42750,4879,4631,4879,4773
42750,42800,4885,4637,4885,4779
42800,42850,4891,4643,4891,4785
42850,42900,4897,4649,4897,4791
42900,42950,4903,4655,4903,4797
42950,43000,4909,4661,4909,4803
43000,43050,4915,4667,4915,4809
43050,43100,4921,4673,4921,4815
43100,43150,4927,4679,4927,4821
43150,43200,4933,4685,4933,4827
43200,43250,4939,4691,4939,4833
43250,43300,4945,4697,4945,4839
43300,43350,4951,4703,4951,4845
43350,43400,4957,4709,4957,4851
43400,43450,4963,4715,4963,4857
43450,43500,4969,4721,4969,4863
43500,43550,4975,4727,4975,4869
43550,43600,4981,4733,4981,4875
43600,43650,4987,4739,4987,4881
43650,43700,4993,4745,4993,4887
43700,43750,4999,4751,4999,4893
43750,43800,5005,4757,5005,4899
43800,43850,5011,4763,5011,4905
43850,43900,5017,4769,5017,4911
43900,43950,5023,4775,5023,4917
43950,44000,5029,4781,5029,4923
44000,44050,5035,4787,5035,4929
44050,44100,5041,4793,5041,4935
44100,44150,5047,4799,5047,4941
44150,44200,5053,4805,5053,4947
44200,44250,5059,4811,5059,4953
44250,44300,5065,4817,5065,4959
44300,44350,5071,4823,5071,4965
44350,44400,5077,4829,5077,4971
44400,44450,5083,4835,5083,4977
44450,44500,5089,4841,5089,4983
44500,44550,5095,4847,5095,4989
44550,44600,5101,4853,5101,4995
44600,44650,5107,4859,5107,5001
44650,44700,5113,4865,5113,5007
44700,44750,5119,4871,5119,5013
44750,44800,5125,4877,5125,5019
44800,44850,5131,4883,5131,5025
44850,44900,5137,4889,5137,5031
44900,44950,5143,4895,5143,5037
44950,45000,5149,4901,5149,5043
45000,45050,5155,4907,5155,5049
45050,45100,5161,4913,5161,5055
45100,45150,5167,4919,5167,5061
45150,45200,5173,4925,5173,5067
45200,45250,5179,4931,5179,5073
45250,45300,5185,4937,5185,5079
45300,45350,5191,4943,5191,5085
45350,45400,5197,4949,5197,5091
45400,45450,5203,4955,5203,5097
45450,45500,5209,4961,5209,5103
45500,45550,5215,4967,5215,5109
45550,45600,5221,4973,5221,5115
45600,45650,5227,4979,5227,5121
45650,45700,5233,4985,5233,5127
45700,45750,5239,4991,5239,5133
45750,45800,5245,4997,5245,5139
45800,45850,5251,5003,5251,5145
45850,45900,5257,5009,5257,5151
45900,45950,5263,5015,5263,5157
45950,46000,5269,5021,5269,5163
46000,46050,5275,5027,5275,5169
46050,46100,5281,5033,5281,5175
46100,46150,5287,5039,5287,5181
46150,46200,5293,5045,5293,5187
46200,46250,5299,5051,5299,5193
46250,46300,5305,5057,5305,5199
46300,46350,5311,5063,5311,5205
46350,46400,5317,5069,5317,5211
46400,46450,5323,5075,5323,5217
46450,46500,5329,5081,5329,5223
46500,46550,5335,5087,5335,5229
46550,46600,5341,5093,5341,5235
46600,46650,5347,5099,5347,5241
46650,46700,5353,5105,5353,5247
46700,46750,5359,5111,5359,5253
46750,46800,5365,5117,5365,5259
46800,46850,5371,5123,5371,5265
46850,46900,5377,5129,5377,5271
46900,46950,5383,5135,5383,5277
46950,47000,5389,5141,5389,5283
47000,47050,5395,5147,5395,5289
47050,47100,5401,5153,5401,5295
47100,47150,5407,5159,5407,5301
47150,47200,5413,5165,5413,5307
47200,47250,5419,5171,5419,5313
47250,47300,5425,5177,5425,5319
47300,47350,5431,5183,5431,5325
47350,47400,5437,5189,5437,5331
47400,47450,5443,5195,5443,5337
47450,47500,5449,5201,5449,5343
47500,47550,5455,5207,5455,5349
47550,47600,5461,5213,5461,5355
47600,47650,5467,5219,5467,5361
47650,47700,5473,5225,5473,5367
47700,47750,5479,5231,5479,5373
47750,47800,5485,5237,5485,5379
47800,47850,5491,5243,5491,5385
47850,47900,5497,5249,5497,5391
47900,47950,5503,5255,5503,5397
47950,48000,5509,5261,5509,5403
48000,48050,5515,5267,5515,5409
48050,48100,5521,5273,5521,5415
48100,48150,5527,5279,5527,5421
48150,48200,5533,5285,5533,5427
48200,48250,5539,5291,5539,5433
48250,48300,5545,5297,5545,5439
48300,48350,5551,5303,5551,5445
48350,48400,5557,5309,5557,5451
48400,48450,5563,5315,5563,5457
48450,48500,5569,5321,5569,5463
48500,48550,5575,5327,5575,5469
48550,48600,5581,5333,5581,5475
48600,48650,5587,5339,5587,5481
48650,48700,5593,5345,5593,5487
48700,48750,5599,5351,5599,5493
48750,48800,5605,5357,5605,5499
48800,48850,5611,5363,5611,5505
48850,48900,5617,5369,5617,5511
48900,48950,5623,5375,5623,5517
48950,49000,5629,5381,5629,5523
49000,49050,5635,5387,5635,5529
49050,49100,5641,5393,5641,5535
49100,49150,5647,5399,5647,5541
49150,49200,5653,5405,5653,5547
49200,49250,5659,5411,5659,5553
49250,49300,5665,5417,5665,5559
49300,49350,5671,5423,5671,5565
49350,49400,5677,5429,5677,5571
49400,49450,5683,5435,5683,5577
49450,49500,5689,5441,5689,5583
49500,49550,5695,5447,5695,5589
49550,49600,5701,5453,5701,5595
49600,49650,5707,5459,5707,5601
49650,49700,5713,5465,5713,5607
49700,49750,5719,5471,5719,5613
49750,49800,5725,5477,5725,5619
49800,49850,5731,5483,5731,5625
49850,49900,5737,5489,5737,5631
49900,49950,5743,5495,5743,5637
49950,50000,5749,5501,5749,5643
50000,50050,5755,5507,5755,5649
50050,50100,5761,5513,5761,5655
50100,50150,5767,5519,5767,5661
50150,50200,5773,5525,5773,5667
50200,50250,5779,5531,5779,5673
50250,50300,5785,5537,5785,5679
50300,50350,5791,5543,5791,5685
50350,50400,5797,5549,5797,5691
50400,50450,5806,5555,5806,5697
50450,50500,5817,5561,5817,5703
50500,50550,5828,5567,5828,5709
50550,50600,5839,5573,5839,5715
50600,50650,5850,5579,5850,5721
50650,50700,5861,5585,5861,5727
50700,50750,5872,5591,5872,5733
50750,50800,5883,5597,5883,5739
50800,50850,5894,5603,5894,5745
50850,50900,5905,5609,5905,5751
50900,50950,5916,5615,5916,5757
50950,51000,5927,5621,5927,5763
51000,51050,5938,5627,5938,5769
51050,51100,5949,5633,5949,5775
51100,51150,5960,5639,5960,5781
51150,51200,5971,5645,5971,5787
51200,51250,5982,5651,5982,5793
51250,51300,5993,5657,5993,5799
51300,51350,6004,5663,6004,5805
51350,51400,6015,5669,6015,5811
51400,51450,6026,5675,6026,5817
51450,51500,6037,5681,6037,5823
51500,51550,6048,5687,6048,5829
51550,51600,6059,5693,6059,5835
51600,51650,6070,5699,6070,5841
51650,51700,6081,5705,6081,5847
51700,51750,6092,5711,6092,5853
51750,51800,6103,5717,6103,5859
51800,51850,6114,5723,6114,5865
51850,51900,6125,5729,6125,5871
51900,51950,6136,5735,6136,5877
51950,52000,6147,5741,6147,5883
52000,52050,6158,5747,6158,5889
52050,52100,6169,5753,6169,5895
52100,52150,6180,5759,6180,5901
52150,52200,6191,5765,6191,5907
52200,52250,6202,5771,6202,5913
52250,52300,6213,5777,6213,5919
52300,52350,6224,5783,6224,5925
52350,52400,6235,5789,6235,5931
52400,52450,6246,5795,6246,5937
52450,52500,6257,5801,6257,5943
52500,52550,6268,5807,6268,5949
52550,52600,6279,5813,6279,5955
52600,52650,6290,5819,6290,5961
52650,52700,6301,5825,6301,5967
52700,52750,6312,5831,6312,5973
52750,52800,6323,5837,6323,5979
52800,52850,6334,5843,6334,5985
52850,52900,6345,5849,6345,5991
52900,52950,6356,5855,6356,5997
52950,53000,6367,5861,6367,6003
53000,53050,6378,5867,6378,6009
53050,53100,6389,5873,6389,6015
53100,53150,6400,5879,6400,6021
53150,53200,6411,5885,6411,6027
53200,53250,6422,5891,6422,6033
53250,53300,6433,5897,6433,6039
53300,53350,6444,5903,6444,6045
53350,53400,6455,5909,6455,6051
53400,53450,6466,5915,6466,6057
53450,53500,6477,5921,6477,6063
53500,53550,6488,5927,6488,6069
53550,53600,6499,5933,6499,6075
53600,53650,6510,5939,6510,6081
53650,53700,6521,5945,6521,6087
53700,53750,6532,5951,6532,6093
53750,53800,6543,5957,6543,6099
53800,53850,6554,5963,6554,6105
53850,53900,6565,5969,6565,6111
53900,53950,6576,5975,6576,6117
53950,54000,6587,5981,6587,6123
54000,54050,6598,5987,6598,6129
54050,54100,6609,5993,6609,6135
54100,54150,6620,5999,6620,6141
54150,54200,6631,6005,6631,6147
54200,54250,6642,6011,6642,6153
54250,54300,6653,6017,6653,6159
54300,54350,6664,6023,6664,6165
54350,54400,6675,6029,6675,6171
54400,54450,6686,6035,6686,6177
54450,54500,6697,6041,6697,6183
54500,54550,6708,6047,6708,6189
54550,54600,6719,6053,6719,6195
54600,54650,6730,6059,6730,6201
54650,54700,6741,6065,6741,6207
54700,54750,6752,6071,6752,6213
54750,54800,6763,6077,6763,6219
54800,54850,6774,6083,6774,6225
54850,54900,6785,6089,6785,6231
54900,54950,6796,6095,6796,6237
54950,55000,6807,6101,6807,6243
55000,55050,6818,6107,6818,6249
55050,55100,6829,6113,6829,6255
55100,55150,6840,6119,6840,6261
55150,55200,6851,6125,6851,6267
55200,55250,6862,6131,6862,6273
55250,55300,6873,6137,6873,6279
55300,55350,6884,6143,6884,6285
55350,55400,6895,6149,6895,6291
55400,55450,6906,6155,6906,6297
55450,55500,6917,6161,6917,6303
55500,55550,6928,6167,6928,6309
55550,55600,6939,6173,6939,6315
55600,55650,6950,6179,6950,6321
55650,55700,6961,6185,6961,6327
55700,55750,6972,6191,6972,6333
55750,55800,6983,6197,6983,6339
55800,55850,6994,6203,6994,6345
55850,55900,7005,6209,7005,6351
55900,55950,7016,6215,7016,6357
55950,56000,7027,6221,7027,6363
56000,56050,7038,6227,7038,6369
56050,56100,7049,6233,7049,6375
56100,56150,7060,6239,7060,6381
56150,56200,7071,6245,7071,6387
56200,56250,7082,6251,7082,6393
56250,56300,7093,6257,7093,6399
56300,56350,7104,6263,7104,6405
56350,56400,7115,6269,7115,6411
56400,56450,7126,6275,7126,6417
56450,56500,7137,6281,7137,6423
56500,56550,7148,6287,7148,6429
56550,56600,7159,6293,7159,6435
56600,56650,7170,6299,7170,6441
56650,56700,7181,6305,7181,6447
56700,56750,7192,6311,7192,6453
56750,56800,7203,6317,7203,6459
56800,56850,7214,6323,7214,6465
56850,56900,7225,6329,7225,6471
56900,56950,7236,6335,7236,6477
56950,57000,7247,6341,7247,6483
57000,57050,7258,6347,7258,6489
57050,57100,7269,6353,7269,6495
57100,57150,7280,6359,7280,6501
57150,57200,7291,6365,7291,6507
57200,57250,7302,6371,7302,6513
57250,57300,7313,6377,7313,6519
57300,57350,7324,6383,7324,6525
57350,57400,7335,6389,7335,6531
57400,57450,7346,6395,7346,6537
57450,57500,7357,6401,7357,6543
57500,57550,7368,6407,7368,6549
57550,57600,7379,6413,7379,6555
57600,57650,7390,6419,7390,6561
57650,57700,7401,6425,7401,6567
57700,57750,7412,6431,7412,6573
57750,57800,7423,6437,7423,6579
57800,57850,7434,6443,7434,6585
57850,57900,7445,6449,7445,6591
57900,57950,7456,6455,7456,6597
57950,58000,7467,6461,7467,6603
58000,58050,7478,6467,7478,6609
58050,58100,7489,6473,7489,6615
58100,58150,7500,6479,7500,6621
58150,58200,7511,6485,7511,6627
58200,58250,7522,6491,7522,6633
58250,58300,7533,6497,7533,6639
58300,58350,7544,6503,7544,6645
58350,58400,7555,6509,7555,6651
58400,58450,7566,6515,7566,6657
58450,58500,7577,6521,7577,6663
58500,58550,7588,6527,7588,6669
58550,58600,7599,6533,7599,6675
58600,58650,7610,6539,7610,6681
58650,58700,7621,6545,7621,6687
58700,58750,7632,6551,7632,6693
58750,58800,7643,6557,7643,6699
58800,58850,7654,6563,7654,6705
58850,58900,7665,6569,7665,6711
58900,58950,7676,6575,7676,6717
58950,59000,7687,6581,7687,6723
59000,59050,7698,6587,7698,6729
59050,59100,7709,6593,7709,6735
59100,59150,7720,6599,7720,6741
59150,59200,7731,6605,7731,6747
59200,59250,7742,6611,7742,6753
59250,59300,7753,6617,7753,6759
59300,59350,7764,6623,7764,6765
59350,59400,7775,6629,7775,6771
59400,59450,7786,6635,7786,6777
59450,59500,7797,6641,7797,6783
59500,59550,7808,6647,7808,6789
59550,59600,7819,6653,7819,6795
59600,59650,7830,6659,7830,6801
59650,59700,7841,6665,7841,6807
59700,59750,7852,6671,7852,6813
59750,59800,7863,6677,7863,6819
59800,59850,7874,6683,7874,6825
59850,59900,7885,6689,7885,6831
59900,59950,7896,6695,7896,6837
59950,60000,7907,6701,7907,6843
60000,60050,7918,6707,7918,6849
60050,60100,7929,6713,7929,6855
60100,60150,7940,6719,7940,6861
60150,60200,7951,6725,7951,6867
60200,60250,7962,6731,7962,6873
60250,60300,7973,6737,7973,6879
60300,60350,7984,6743,7984,6885
60350,60400,7995,6749,7995,6891
60400,60450,8006,6755,8006,6897
60450,60500,8017,6761,8017,6903
60500,60550,8028,6767,8028,6909
60550,60600,8039,6773,8039,6915
60600,60650,8050,6779,8050,6921
60650,60700,8061,6785,8061,6927
60700,60750,8072,6791,8072,6933
60750,60800,8083,6797,8083,6939
60800,60850,8094,6803,8094,6945
60850,60900,8105,6809,8105,6951
60900,60950,8116,6815,8116,6957
60950,61000,8127,6821,8127,6963
61000,61050,8138,6827,8138,6969
61050,61100,8149,6833,8149,6975
61100,61150,8160,6839,8160,6981
61150,61200,8171,6845,8171,6987
61200,61250,8182,6851,8182,6993
61250,61300,8193,6857,8193,6999
61300,61350,8204,6863,8204,7005
61350,61400,8215,6869,8215,7011
61400,61450,8226,6875,8226,7017
61450,61500,8237,6881,8237,7023
61500,61550,8248,6887,8248,7029
61550,61600,8259,6893,8259,7035
61600,61650,8270,6899,8270,7041
61650,61700,8281,6905,8281,7047
61700,61750,8292,6911,8292,7053
61750,61800,8303,6917,8303,7059
61800,61850,8314,6923,8314,7065
61850,61900,8325,6929,8325,7071
61900,61950,8336,6935,8336,7077
61950,62000,8347,6941,8347,7083
62000,62050,8358,6947,8358,7089
62050,62100,8369,6953,8369,7095
62100,62150,8380,6959,8380,7101
62150,62200,8391,6965,8391,7107
62200,62250,8402,6971,8402,7113
62250,62300,8413,6977,8413,7119
62300,62350,8424,6983,8424,7125
62350,62400,8435,6989,8435,7131
62400,62450,8446,6995,8446,7137
62450,62500,8457,7001,8457,7143
62500,62550,8468,7007,8468,7149
62550,62600,8479,7013,8479,7155
62600,62650,8490,7019,8490,7161
62650,62700,8501,7025,8501,7167
62700,62750,8512,7031,8512,7173
62750,62800,8523,7037,8523,7179
62800,62850,8534,7043,8534,7185
62850,62900,8545,7049,8545,7191
62900,62950,8556,7055,8556,7197
62950,63000,8567,7061,8567,7203
63000,63050,8578,7067,8578,7209
63050,63100,8589,7073,8589,7215
63100,63150,8600,7079,8600,7221
63150,63200,8611,7085,8611,7227
63200,63250,8622,7091,8622,7233
63250,63300,8633,7097,8633,7239
63300,63350,8644,7103,8644,7245
63350,63400,8655,7109,8655,7251
63400,63450,8666,7115,8666,7257
63450,63500,8677,7121,8677,7263
63500,63550,8688,7127,8688,7269
63550,63600,8699,7133,8699,7275
63600,63650,8710,7139,8710,7281
63650,63700,8721,7145,8721,7287
63700,63750,8732,7151,8732,7293
63750,63800,8743,7157,8743,7299
63800,63850,8754,7163,8754,7305
63850,63900,8765,7169,8765,7311
63900,63950,8776,7175,8776,7317
63950,64000,8787,7181,8787,7323
64000,64050,8798,7187,8798,7329
64050,64100,8809,7193,8809,7335
64100,64150,8820,7199,8820,7341
64150,64200,8831,7205,8831,7347
64200,64250,8842,7211,8842,7353
64250,64300,8853,7217,8853,7359
64300,64350,8864,7223,8864,7365
64350,64400,8875,7229,8875,7371
64400,64450,8886,7235,8886,7377
64450,64500,8897,7241,8897,7383
64500,64550,8908,7247,8908,7389
64550,64600,8919,7253,8919,7395
64600,64650,8930,7259,8930,7401
64650,64700,8941,7265,8941,7407
64700,64750,8952,7271,8952,7413
64750,64800,8963,7277,8963,7419
64800,64850,8974,7283,8974,7425
64850,64900,8985,7289,8985,7431
64900,64950,8996,7295,8996,7437
64950,65000,9007,7301,9007,7443
65000,65050,9018,7307,9018,7449
65050,65100,9029,7313,9029,7455
65100,65150,9040,7319,9040,7461
65150,65200,9051,7325,9051,7467
65200,65250,9062,7331,9062,7473
65250,65300,9073,7337,9073,7479
65300,65350,9084,7343,9084,7485
65350,65400,9095,7349,9095,7491
65400,65450,9106,7355,9106,7497
65450,65500,9117,7361,9117,7503
65500,65550,9128,7367,9128,7509
65550,65600,9139,7373,9139,7515
65600,65650,9150,7379,9150,7521
65650,65700,9161,7385,9161,7527
65700,65750,9172,7391,9172,7533
65750,65800,9183,7397,9183,7539
65800,65850,9194,7403,9194,7545
65850,65900,9205,7409,9205,7551
65900,65950,9216,7415,9216,7557
65950,66000,9227,7421,9227,7563
66000,66050,9238,7427,9238,7569
66050,66100,9249,7433,9249,7575
66100,66150,9260,7439,9260,7581
66150,66200,9271,7445,9271,7587
66200,66250,9282,7451,9282,7593
66250,66300,9293,7457,9293,7599
66300,66350,9304,7463,9304,7605
66350,66400,9315,7469,9315,7611
66400,66450,9326,7475,9326,7617
66450,66500,9337,7481,9337,7623
66500,66550,9348,7487,9348,7629
66550,66600,9359,7493,9359,7635
66600,66650,9370,7499,9370,7641
66650,66700,9381,7505,9381,7647
66700,66750,9392,7511,9392,7653
66750,66800,9403,7517,9403,7659
66800,66850,9414,7523,9414,7665
66850,66900,9425,7529,9425,7671
66900,66950,9436,7535,9436,7677
66950,67000,9447,7541,9447,7683
67000,67050,9458,7547,9458,7689
67050,67100,9469,7553,9469,7695
67100,67150,9480,7559,9480,7701
67150,67200,9491,7565,9491,7707
67200,67250,9502,7571,9502,7713
67250,67300,9513,7577,9513,7719
67300,67350,9524,7583,9524,7725
67350,67400,9535,7589,9535,7731
67400,67450,9546,7595,9546,7737
67450,67500,9557,7601,9557,7746
67500,67550,9568,7607,9568,7757
67550,67600,9579,7613,9579,7768
67600,67650,9590,7619,9590,7779
67650,67700,9601,7625,9601,7790
67700,67750,9612,7631,9612,7801
67750,67800,9623,7637,9623,7812
67800,67850,9634,7643,9634,7823
67850,67900,9645,7649,9645,7834
67900,67950,9656,7655,9656,7845
67950,68000,9667,7661,9667,7856
68000,68050,9678,7667,9678,7867
68050,68100,9689,7673,9689,7878
68100,68150,9700,7679,9700,7889
68150,68200,9711,7685,9711,7900
68200,68250,9722,7691,9722,7911
68250,68300,9733,7697,9733,7922
68300,68350,9744,7703,9744,7933
68350,68400,9755,7709,9755,7944
68400,68450,9766,7715,9766,7955
68450,68500,9777,7721,9777,7966
68500,68550,9788,7727,9788,7977
68550,68600,9799,7733,9799,7988
68600,68650,9810,7739,9810,7999
68650,68700,9821,7745,9821,8010
68700,68750,9832,7751,9832,8021
68750,68800,9843,7757,9843,8032
68800,68850,9854,7763,9854,8043
68850,68900,9865,7769,9865,8054
68900,68950,9876,7775,9876,8065
68950,69000,9887,7781,9887,8076
69000,69050,9898,7787,9898,8087
69050,69100,9909,7793,9909,8098
69100,69150,9920,7799,9920,8109
69150,69200,9931,7805,9931,8120
69200,69250,9942,7811,9942,8131
69250,69300,9953,7817,9953,8142
69300,69350,9964,7823,9964,8153
69350,69400,9975,7829,9975,8164
69400,69450,9986,7835,9986,8175
69450,69500,9997,7841,9997,8186
69500,69550,10008,7847,10008,8197
69550,69600,10019,7853,10019,8208
69600,69650,10030,7859,10030,8219
69650,69700,10041,7865,10041,8230
69700,69750,10052,7871,10052,8241
69750,69800,10063,7877,10063,8252
69800,69850,10074,7883,10074,8263
69850,69900,10085,7889,10085,8274
69900,69950,10096,7895,10096,8285
69950,70000,10107,7901,10107,8296
70000,70050,10118,7907,10118,8307
70050,70100,10129,7913,10129,8318
70100,70150,10140,7919,10140,8329
70150,70200,10151,7925,10151,8340
70200,70250,10162,7931,10162,8351
70250,70300,10173,7937,10173,8362
70300,70350,10184,7943,10184,8373
70350,70400,10195,7949,10195,8384
70400,70450,10206,7955,10206,8395
70450,70500,10217,7961,10217,8406
70500,70550,10228,7967,10228,8417
70550,70600,10239,7973,10239,8428
70600,70650,10250,7979,10250,8439
70650,70700,10261,7985,10261,8450
70700,70750,10272,7991,10272,8461
70750,70800,10283,7997,10283,8472
70800,70850,10294,8003,10294,8483
70850,70900,10305,8009,10305,8494
70900,70950,10316,8015,10316,8505
70950,71000,10327,8021,10327,8516
71000,71050,10338,8027,10338,8527
71050,71100,10349,8033,10349,8538
71100,71150,10360,8039,10360,8549
71150,71200,10371,8045,10371,8560
71200,71250,10382,8051,10382,8571
71250,71300,10393,8057,10393,8582
71300,71350,10404,8063,10404,8593
71350,71400,10415,8069,10415,8604
71400,71450,10426,8075,10426,8615
71450,71500,10437,8081,10437,8626
71500,71550,10448,8087,10448,8637
71550,71600,10459,8093,10459,8648
71600,71650,10470,8099,10470,8659
71650,71700,10481,8105,10481,8670
71700,71750,10492,8111,10492,8681
71750,71800,10503,8117,10503,8692
71800,71850,10514,8123,10514,8703
71850,71900,10525,8129,10525,8714
71900,71950,10536,8135,10536,8725
71950,72000,10547,8141,10547,8736
72000,72050,10558,8147,10558,8747
72050,72100,10569,8153,10569,8758
72100,72150,10580,8159,10580,8769
72150,72200,10591,8165,10591,8780
72200,72250,10602,8171,10602,8791
72250,72300,10613,8177,10613,8802
72300,72350,10624,8183,10624,8813
72350,72400,10635,8189,10635,8824
72400,72450,10646,8195,10646,8835
72450,72500,10657,8201,10657,8846
72500,72550,10668,8207,10668,8857
72550,72600,10679,8213,10679,8868
72600,72650,10690,8219,10690,8879
72650,72700,10701,8225,10701,8890
72700,72750,10712,8231,10712,8901
72750,72800,10723,8237,10723,8912
72800,72850,10734,8243,10734,8923
72850,72900,10745,8249,10745,8934
72900,72950,10756,8255,10756,8945
72950,73000,10767,8261,10767,8956
73000,73050,10778,8267,10778,8967
73050,73100,10789,8273,10789,8978
73100,73150,10800,8279,10800,8989
73150,73200,10811,8285,10811,9000
73200,73250,10822,8291,10822,9011
73250,73300,10833,8297,10833,9022
73300,73350,10844,8303,10844,9033
73350,73400,10855,8309,10855,9044
73400,73450,10866,8315,10866,9055
73450,73500,10877,8321,10877,9066
73500,73550,10888,8327,10888,9077
73550,73600,10899,8333,10899,9088
73600,73650,10910,8339,10910,9099
73650,73700,10921,8345,10921,9110
73700,73750,10932,8351,10932,9121
73750,73800,10943,8357,10943,9132
73800,73850,10954,8363,10954,9143
73850,73900,10965,8369,10965,9154
73900,73950,10976,8375,10976,9165
73950,74000,10987,8381,10987,9176
74000,74050,10998,8387,10998,9187
74050,74100,11009,8393,11009,9198
74100,74150,11020,8399,11020,9209
74150,74200,11031,8405,11031,9220
74200,74250,11042,8411,11042,9231
74250,74300,11053,8417,11053,9242
74300,74350,11064,8423,11064,9253
74350,74400,11075,8429,11075,9264
74400,74450,11086,8435,11086,9275
74450,74500,11097,8441,11097,9286
74500,74550,11108,8447,11108,9297
74550,74600,11119,8453,11119,9308
74600,74650,11130,8459,11130,9319
74650,74700,11141,8465,11141,9330
74700,74750,11152,8471,11152,9341
74750,74800,11163,8477,11163,9352
74800,74850,11174,8483,11174,9363
74850,74900,11185,8489,11185,9374
74900,74950,11196,8495,11196,9385
74950,75000,11207,8501,11207,9396
75000,75050,11218,8507,11218,9407
75050,75100,11229,8513,11229,9418
75100,75150,11240,8519,11240,9429
75150,75200,11251,8525,11251,9440
75200,75250,11262,8531,11262,9451
75250,75300,11273,8537,11273,9462
75300,75350,11284,8543,11284,9473
75350,75400,11295,8549,11295,9484
75400,75450,11306,8555,11306,9495
75450,75500,11317,8561,11317,9506
75500,75550,11328,8567,11328,9517
75550,75600,11339,8573,11339,9528
75600,75650,11350,8579,11350,9539
75650,75700,11361,8585,11361,9550
75700,75750,11372,8591,11372,9561
75750,75800,11383,8597,11383,9572
75800,75850,11394,8603,11394,9583
75850,75900,11405,8609,11405,9594
75900,75950,11416,8615,11416,9605
75950,76000,11427,8621,11427,9616
76000,76050,11438,8627,11438,9627
76050,76100,11449,8633,11449,9638
76100,76150,11460,8639,11460,9649
76150,76200,11471,8645,11471,9660
76200,76250,11482,8651,11482,9671
76250,76300,11493,8657,11493,9682
76300,76350,11504,8663,11504,9693
76350,76400,11515,8669,11515,9704
76400,76450,11526,8675,11526,9715
76450,76500,11537,8681,11537,9726
76500,76550,11548,8687,11548,9737
76550,76600,11559,8693,11559,9748
76600,76650,11570,8699,11570,9759
76650,76700,11581,8705,11581,9770
76700,76750,11592,8711,11592,9781
76750,76800,11603,8717,11603,9792
76800,76850,11614,8723,11614,9803
76850,76900,11625,8729,11625,9814
76900,76950,11636,8735,11636,9825
76950,77000,11647,8741,11647,9836
77000,77050,11658,8747,11658,9847
77050,77100,11669,8753,11669,9858
77100,77150,11680,8759,11680,9869
77150,77200,11691,8765,11691,9880
77200,77250,11702,8771,11702,9891
77250,77300,11713,8777,11713,9902
77300,77350,11724,8783,11724,9913
77350,77400,11735,8789,11735,9924
77400,77450,11746,8795,11746,9935
77450,77500,11757,8801,11757,9946
77500,77550,11768,8807,11768,9957
77550,77600,11779,8813,11779,9968
77600,77650,11790,8819,11790,9979
77650,77700,11801,8825,11801,9990
77700,77750,11812,8831,11812,10001
77750,77800,11823,8837,11823,10012
77800,77850,11834,8843,11834,10023
77850,77900,11845,8849,11845,10034
77900,77950,11856,8855,11856,10045
77950,78000,11867,8861,11867,10056
78000,78050,11878,8867,11878,10067
78050,78100,11889,8873,11889,10078
78100,78150,11900,8879,11900,10089
78150,78200,11911,8885,11911,10100
78200,78250,11922,8891,11922,10111
78250,78300,11933,8897,11933,10122
78300,78350,11944,8903,11944,10133
78350,78400,11955,8909,11955,10144
78400,78450,11966,8915,11966,10155
78450,78500,11977,8921,11977,10166
78500,78550,11988,8927,11988,10177
78550,78600,11999,8933,11999,10188
78600,78650,12010,8939,12010,10199
78650,78700,12021,8945,12021,10210
78700,78750,12032,8951,12032,10221
78750,78800,12043,8957,12043,10232
78800,78850,12054,8963,12054,10243
78850,78900,12065,8969,12065,10254
78900,78950,12076,8975,12076,10265
78950,79000,12087,8981,12087,10276
79000,79050,12098,8987,12098,10287
79050,79100,12109,8993,12109,10298
79100,79150,12120,8999,12120,10309
79150,79200,12131,9005,12131,10320
79200,79250,12142,9011,12142,10331
79250,79300,12153,9017,12153,10342
79300,79350,12164,9023,12164,10353
79350,79400,12175,9029,12175,10364
79400,79450,12186,9035,12186,10375
79450,79500,12197,9041,12197,10386
79500,79550,12208,9047,12208,10397
79550,79600,12219,9053,12219,10408
79600,79650,12230,9059,12230,10419
79650,79700,12241,9065,12241,10430
79700,79750,12252,9071,12252,10441
79750,79800,12263,9077,12263,10452
79800,79850,12274,9083,12274,10463
79850,79900,12285,9089,12285,10474
79900,79950,12296,9095,12296,10485
79950,80000,12307,9101,12307,10496
80000,80050,12318,9107,12318,10507
80050,80100,12329,9113,12329,10518
80100,80150,12340,9119,12340,10529
80150,80200,12351,9125,12351,10540
80200,80250,12362,9131,12362,10551
80250,80300,12373,9137,12373,10562
80300,80350,12384,9143,12384,10573
80350,80400,12395,9149,12395,10584
80400,80450,12406,9155,12406,10595
80450,80500,12417,9161,12417,10606
80500,80550,12428,9167,12428,10617
80550,80600,12439,9173,12439,10628
80600,80650,12450,9179,12450,10639
80650,80700,12461,9185,12461,10650
80700,80750,12472,9191,12472,10661
80750,80800,12483,9197,12483,10672
80800,80850,12494,9203,12494,10683
80850,80900,12505,9209,12505,10694
80900,80950,12516,9215,12516,10705
80950,81000,12527,9221,12527,10716
81000,81050,12538,9227,12538,10727
81050,81100,12549,9233,12549,10738
81100,81150,12560,9239,12560,10749
81150,81200,12571,9245,12571,10760
81200,81250,12582,9251,12582,10771
81250,81300,12593,9257,12593,10782
81300,81350,12604,9263,12604,10793
81350,81400,12615,9269,12615,10804
81400,81450,12626,9275,12626,10815
81450,81500,12637,9281,12637,10826
81500,81550,12648,9287,12648,10837
81550,81600,12659,9293,12659,10848
81600,81650,12670,9299,12670,10859
81650,81700,12681,9305,12681,10870
81700,81750,12692,9311,12692,10881
81750,81800,12703,9317,12703,10892
81800,81850,12714,9323,12714,10903
81850,81900,12725,9329,12725,10914
81900,81950,12736,9335,12736,10925
81950,82000,12747,9341,12747,10936
82000,82050,12758,9347,12758,10947
82050,82100,12769,9353,12769,10958
82100,82150,12780,9359,12780,10969
82150,82200,12791,9365,12791,10980
82200,82250,12802,9371,12802,10991
82250,82300,12813,9377,12813,11002
82300,82350,12824,9383,12824,11013
82350,82400,12835,9389,12835,11024
82400,82450,12846,9395,12846,11035
82450,82500,12857,9401,12857,11046
82500,82550,12868,9407,12868,11057
82550,82600,12879,9413,12879,11068
82600,82650,12890,9419,12890,11079
82650,82700,12901,9425,12901,11090
82700,82750,12912,9431,12912,11101
82750,82800,12923,9437,12923,11112
82800,82850,12934,9443,12934,11123
82850,82900,12945,9449,12945,11134
82900,82950,12956,9455,12956,11145
82950,83000,12967,9461,12967,11156
83000,83050,12978,9467,12978,11167
83050,83100,12989,9473,12989,11178
83100,83150,13000,9479,13000,11189
83150,83200,13011,9485,13011,11200
83200,83250,13022,9491,13022,11211
83250,83300,13033,9497,13033,11222
83300,83350,13044,9503,13044,11233
83350,83400,13055,9509,13055,11244
83400,83450,13066,9515,13066,11255
83450,83500,13077,9521,13077,11266
83500,83550,13088,9527,13088,11277
83550,83600,13099,9533,13099,11288
83600,83650,13110,9539,13110,11299
83650,83700,13121,9545,13121,11310
83700,83750,13132,9551,13132,11321
83750,83800,13143,9557,13143,11332
83800,83850,13154,9563,13154,11343
83850,83900,13165,9569,13165,11354
83900,83950,13176,9575,13176,11365
83950,84000,13187,9581,13187,11376
84000,84050,13198,9587,13198,11387
84050,84100,13209,9593,13209,11398
84100,84150,13220,9599,13220,11409
84150,84200,13231,9605,13231,11420
84200,84250,13242,9611,13242,11431
84250,84300,13253,9617,13253,11442
84300,84350,13264,9623,13264,11453
84350,84400,13275,9629,13275,11464
84400,84450,13286,9635,13286,11475
84450,84500,13297,9641,13297,11486
84500,84550,13308,9647,13308,11497
84550,84600,13319,9653,13319,11508
84600,84650,13330,9659,13330,11519
84650,84700,13341,9665,13341,11530
84700,84750,13352,9671,13352,11541
84750,84800,13363,9677,13363,11552
84800,84850,13374,9683,13374,11563
84850,84900,13385,9689,13385,11574
84900,84950,13396,9695,13396,11585
84950,85000,13407,9701,13407,11596
85000,85050,13418,9707,13418,11607
85050,85100,13429,9713,13429,11618
85100,85150,13440,9719,13440,11629
85150,85200,13451,9725,13451,11640
85200,85250,13462,9731,13462,11651
85250,85300,13473,9737,13473,11662
85300,85350,13484,9743,13484,11673
85350,85400,13495,9749,13495,11684
85400,85450,13506,9755,13506,11695
85450,85500,13517,9761,13517,11706
85500,85550,13528,9767,13528,11717
85550,85600,13539,9773,13539,11728
85600,85650,13550,9779,13550,11739
85650,85700,13561,9785,13561,11750
85700,85750,13572,9791,13572,11761
85750,85800,13583,9797,13583,11772
85800,85850,13594,9803,13594,11783
85850,85900,13605,9809,13605,11794
85900,85950,13616,9815,13616,11805
85950,86000,13627,9821,13627,11816
86000,86050,13638,9827,13638,11827
86050,86100,13649,9833,13649,11838
86100,86150,13660,9839,13660,11849
86150,86200,13671,9845,13671,11860
86200,86250,13682,9851,13682,11871
86250,86300,13693,9857,13693,11882
86300,86350,13704,9863,13704,11893
86350,86400,13715,9869,13715,11904
86400,86450,13726,9875,13726,11915
86450,86500,13737,9881,13737,11926
86500,86550,13748,9887,13748,11937
86550,86600,13759,9893,13759,11948
86600,86650,13770,9899,13770,11959
86650,86700,13781,9905,13781,11970
86700,86750,13792,9911,13792,11981
86750,86800,13803,9917,13803,11992
86800,86850,13814,9923,13814,12003
86850,86900,13825,9929,13825,12014
86900,86950,13836,9935,13836,12025
86950,87000,13847,9941,13847,12036
87000,87050,13858,9947,13858,12047
87050,87100,13869,9953,13869,12058
87100,87150,13880,9959,13880,12069
87150,87200,13891,9965,13891,12080
87200,87250,13902,9971,13902,12091
87250,87300,13913,9977,13913,12102
87300,87350,13924,9983,13924,12113
87350,87400,13935,9989,13935,12124
87400,87450,13946,9995,13946,12135
87450,87500,13957,10001,13957,12146
87500,87550,13968,10007,13968,12157
87550,87600,13979,10013,13979,12168
87600,87650,13990,10019,13990,12179
87650,87700,14001,10025,14001,12190
87700,87750,14012,10031,14012,12201
87750,87800,14023,10037,14023,12212
87800,87850,14034,10043,14034,12223
87850,87900,14045,10049,14045,12234
87900,87950,14056,10055,14056,12245
87950,88000,14067,10061,14067,12256
88000,88050,14078,10067,14078,12267
88050,88100,14089,10073,14089,12278
88100,88150,14100,10079,14100,12289
88150,88200,14111,10085,14111,12300
88200,88250,14122,10091,14122,12311
88250,88300,14133,10097,14133,12322
88300,88350,14144,10103,14144,12333
88350,88400,14155,10109,14155,12344
88400,88450,14166,10115,14166,12355
88450,88500,14177,10121,14177,12366
88500,88550,14188,10127,14188,12377
88550,88600,14199,10133,14199,12388
88600,88650,14210,10139,14210,12399
88650,88700,14221,10145,14221,12410
88700,88750,14232,10151,14232,12421
88750,88800,14243,10157,14243,12432
88800,88850,14254,10163,14254,12443
88850,88900,14265,10169,14265,12454
88900,88950,14276,10175,14276,12465
88950,89000,14287,10181,14287,12476
89000,89050,14298,10187,14298,12487
89050,89100,14309,10193,14309,12498
89100,89150,14320,10199,14320,12509
89150,89200,14331,10205,14331,12520
89200,89250,14342,10211,14342,12531
89250,89300,14353,10217,14353,12542
89300,89350,14364,10223,14364,12553
89350,89400,14375,10229,14375,12564
89400,89450,14386,10235,14386,12575
89450,89500,14397,10241,14397,12586
89500,89550,14408,10247,14408,12597
89550,89600,14419,10253,14419,12608
89600,89650,14430,10259,14430,12619
89650,89700,14441,10265,14441,12630
89700,89750,14452,10271,14452,12641
89750,89800,14463,10277,14463,12652
89800,89850,14474,10283,14474,12663
89850,89900,14485,10289,14485,12674
89900,89950,14496,10295,14496,12685
89950,90000,14507,10301,14507,12696
90000,90050,14518,10307,14518,12707
90050,90100,14529,10313,14529,12718
90100,90150,14540,10319,14540,12729
90150,90200,14551,10325,14551,12740
90200,90250,14562,10331,14562,12751
90250,90300,14573,10337,14573,12762
90300,90350,14584,10343,14584,12773
90350,90400,14595,10349,14595,12784
90400,90450,14606,10355,14606,12795
90450,90500,14617,10361,14617,12806
90500,90550,14628,10367,14628,12817
90550,90600,14639,10373,14639,12828
90600,90650,14650,10379,14650,12839
90650,90700,14661,10385,14661,12850
90700,90750,14672,10391,14672,12861
90750,90800,14683,10397,14683,12872
90800,90850,14694,10403,14694,12883
90850,90900,14705,10409,14705,12894
90900,90950,14716,10415,14716,12905
90950,91000,14727,10421,14727,12916
91000,91050,14738,10427,14738,12927
91050,91100,14749,10433,14749,12938
91100,91150,14760,10439,14760,12949
91150,91200,14771,10445,14771,12960
91200,91250,14782,10451,14782,12971
91250,91300,14793,10457,14793,12982
91300,91350,14804,10463,14804,12993
91350,91400,14815,10469,14815,13004
91400,91450,14826,10475,14826,13015
91450,91500,14837,10481,14837,13026
91500,91550,14848,10487,14848,13037
91550,91600,14859,10493,14859,13048
91600,91650,14870,10499,14870,13059
91650,91700,14881,10505,14881,13070
91700,91750,14892,10511,14892,13081
91750,91800,14903,10517,14903,13092
91800,91850,14914,10523,14914,13103
91850,91900,14925,10529,14925,13114
91900,91950,14936,10535,14936,13125
91950,92000,14947,10541,14947,13136
92000,92050,14958,10547,14958,13147
92050,92100,14969,10553,14969,13158
92100,92150,14980,10559,14980,13169
92150,92200,14991,10565,14991,13180
92200,92250,15002,10571,15002,13191
92250,92300,15013,10577,15013,13202
92300,92350,15024,10583,15024,13213
92350,92400,15035,10589,15035,13224
92400,92450,15046,10595,15046,13235
92450,92500,15057,10601,15057,13246
92500,92550,15068,10607,15068,13257
92550,92600,15079,10613,15079,13268
92600,92650,15090,10619,15090,13279
92650,92700,15101,10625,15101,13290
92700,92750,15112,10631,15112,13301
92750,92800,15123,10637,15123,13312
92800,92850,15134,10643,15134,13323
92850,92900,15145,10649,15145,13334
92900,92950,15156,10655,15156,13345
92950,93000,15167,10661,15167,13356
93000,93050,15178,10667,15178,13367
93050,93100,15189,10673,15189,13378
93100,93150,15200,10679,15200,13389
93150,93200,15211,10685,15211,13400
93200,93250,15222,10691,15222,13411
93250,93300,15233,10697,15233,13422
93300,93350,15244,10703,15244,13433
93350,93400,15255,10709,15255,13444
93400,93450,15266,10715,15266,13455
93450,93500,15277,10721,15277,13466
93500,93550,15288,10727,15288,13477
93550,93600,15299,10733,15299,13488
93600,93650,15310,10739,15310,13499
93650,93700,15321,10745,15321,13510
93700,93750,15332,10751,15332,13521
93750,93800,15343,10757,15343,13532
93800,93850,15354,10763,15354,13543
93850,93900,15365,10769,15365,13554
93900,93950,15376,10775,15376,13565
93950,94000,15387,10781,15387,13576
94000,94050,15398,10787,15398,13587
94050,94100,15409,10793,15409,13598
94100,94150,15420,10799,15420,13609
94150,94200,15431,10805,15431,13620
94200,94250,15442,10811,15442,13631
94250,94300,15453,10817,15453,13642
94300,94350,15464,10823,15464,13653
94350,94400,15475,10829,15475,13664
94400,94450,15486,10835,15486,13675
94450,94500,15497,10841,15497,13686
94500,94550,15508,10847,15508,13697
94550,94600,15519,10853,15519,13708
94600,94650,15530,10859,15530,13719
94650,94700,15541,10865,15541,13730
94700,94750,15552,10871,15552,13741
94750,94800,15563,10877,15563,13752
94800,94850,15574,10883,15574,13763
94850,94900,15585,10889,15585,13774
94900,94950,15596,10895,15596,13785
94950,95000,15607,10901,15607,13796
95000,95050,15618,10907,15618,13807
95050,95100,15629,10913,15629,13818
95100,95150,15640,10919,15640,13829
95150,95200,15651,10925,15651,13840
95200,95250,15662,10931,15662,13851
95250,95300,15673,10937,15673,13862
95300,95350,15684,10943,15684,13873
95350,95400,15695,10949,15695,13884
95400,95450,15706,10955,15706,13895
95450,95500,15717,10961,15717,13906
95500,95550,15728,10967,15728,13917
95550,95600,15739,10973,15739,13928
95600,95650,15750,10979,15750,13939
95650,95700,15761,10985,15761,13950
95700,95750,15772,10991,15772,13961
95750,95800,15783,10997,15783,13972
95800,95850,15794,11003,15794,13983
95850,95900,15805,11009,15805,13994
95900,95950,15816,11015,15816,14005
95950,96000,15827,11021,15827,14016
96000,96050,15838,11027,15838,14027
96050,96100,15849,11033,15849,14038
96100,96150,15860,11039,15860,14049
96150,96200,15871,11045,15871,14060
96200,96250,15882,11051,15882,14071
96250,96300,15893,11057,15893,14082
96300,96350,15904,11063,15904,14093
96350,96400,15915,11069,15915,14104
96400,96450,15926,11075,15926,14115
96450,96500,15937,11081,15937,14126
96500,96550,15948,11087,15948,14137
96550,96600,15959,11093,15959,14148
96600,96650,15970,11099,15970,14159
96650,96700,15981,11105,15981,14170
96700,96750,15992,11111,15992,14181
96750,96800,16003,11117,16003,14192
96800,96850,16014,11123,16014,14203
96850,96900,16025,11129,16025,14214
96900,96950,16036,11135,16036,14225
96950,97000,16047,11141,16047,14236
97000,97050,16058,11147,16058,14247
97050,97100,16069,11153,16069,14258
97100,97150,16080,11159,16080,14269
97150,97200,16091,11165,16091,14280
97200,97250,16102,11171,16102,14291
97250,97300,16113,11177,16113,14302
97300,97350,16124,11183,16124,14313
97350,97400,16135,11189,16135,14324
97400,97450,16146,11195,16146,14335
97450,97500,16157,11201,16157,14346
97500,97550,16168,11207,16168,14357
97550,97600,16179,11213,16179,14368
97600,97650,16190,11219,16190,14379
97650,97700,16201,11225,16201,14390
97700,97750,16212,11231,16212,14401
97750,97800,16223,11237,16223,14412
97800,97850,16234,11243,16234,14423
97850,97900,16245,11249,16245,14434
97900,97950,16256,11255,16256,14445
97950,98000,16267,11261,16267,14456
98000,98050,16278,11267,16278,14467
98050,98100,16289,11273,16289,14478
98100,98150,16300,11279,16300,14489
98150,98200,16311,11285,16311,14500
98200,98250,16322,11291,16322,14511
98250,98300,16333,11297,16333,14522
98300,98350,16344,11303,16344,14533
98350,98400,16355,11309,16355,14544
98400,98450,16366,11315,16366,14555
98450,98500,16377,11321,16377,14566
98500,98550,16388,11327,16388,14577
98550,98600,16399,11333,16399,14588
98600,98650,16410,11339,16410,14599
98650,98700,16421,11345,16421,14610
98700,98750,16432,11351,16432,14621
98750,98800,16443,11357,16443,14632
98800,98850,16454,11363,16454,14643
98850,98900,16465,11369,16465,14654
98900,98950,16476,11375,16476,14665
98950,99000,16487,11381,16487,14676
99000,99050,16498,11387,16498,14687
99050,99100,16509,11393,16509,14698
99100,99150,16520,11399,16520,14709
99150,99200,16531,11405,16531,14720
99200,99250,16542,11411,16542,14731
99250,99300,16553,11417,16553,14742
99300,99350,16564,11423,16564,14753
99350,99400,16575,11429,16575,14764
99400,99450,16586,11435,16586,14775
99450,99500,16597,11441,16597,14786
99500,99550,16608,11447,16608,14797
99550,99600,16619,11453,16619,14808
99600,99650,16630,11459,16630,14819
99650,99700,16641,11465,16641,14830
99700,99750,16652,11471,16652,14841
99750,99800,16663,11477,16663,14852
99800,99850,16674,11483,16674,14863
99850,99900,16685,11489,16685,14874
99900,99950,16696,11495,16696,14885
99950,100000,16707,11501,16707,14896
