scenario_id,state,medicare_eligible_people,part_b_premium,msp_part_b_coverage,federal_itemizes,federal_itemizes_without_part_b,medical_expense_deduction,medical_expense_deduction_without_part_b,federal_output,state_output,snap,snap_without_part_b,state_variables_moving,outputs_moved
scenario_000,TX,1,2434.800048828125,0.0,False,False,0.0,0.0,2906.45361328125,0.0,0.0,0.0,,
scenario_001,VA,2,0.0,4869.60009765625,False,False,0.0,0.0,0.0,0.0,0.0,0.0,,
scenario_002,WA,2,4869.60009765625,0.0,False,False,3134.85009765625,0.0,0.0,0.0,0.0,0.0,,
scenario_013,AZ,1,2434.800048828125,0.0,False,False,2222.199951171875,0.0,0.0,0.0,240.0,240.0,az_itemized_deductions,
scenario_021,MO,1,2434.800048828125,0.0,False,False,2331.699951171875,0.0,0.0,0.0,0.0,0.0,mo_itemized_deductions,
scenario_022,CA,1,2434.800048828125,0.0,True,True,0.0,0.0,11113.5703125,2505.8701171875,0.0,0.0,,
scenario_027,CT,1,2434.800048828125,0.0,False,False,2914.175048828125,479.375,0.0,0.0,288.0,288.0,,
scenario_031,CA,1,2434.800048828125,0.0,False,False,1441.574951171875,0.0,0.0,0.0,0.0,0.0,ca_itemized_deductions;ca_itemized_deductions_pre_limitation,
scenario_033,SD,2,4869.60009765625,0.0,False,False,0.0,0.0,3818.148193359375,0.0,0.0,0.0,,
scenario_040,AZ,2,4869.60009765625,0.0,False,False,2447.10009765625,0.0,0.0,0.0,0.0,0.0,az_itemized_deductions,
scenario_042,WI,1,2434.800048828125,0.0,False,False,0.0,0.0,2361.96484375,464.18280029296875,0.0,0.0,,
scenario_043,CO,1,0.0,2434.800048828125,False,False,4153.0947265625,4153.0947265625,0.0,0.0,3576.0,3576.0,,
scenario_044,KS,1,2434.800048828125,0.0,False,False,10134.7998046875,7700.0,0.0,0.0,0.0,0.0,ks_itemized_deductions,
scenario_048,OH,1,2434.800048828125,0.0,False,False,2160.60009765625,0.0,0.0,0.0,0.0,0.0,oh_agi;oh_agi_person;oh_deductions;oh_insured_unreimbursed_medical_care_expense_amount;oh_insured_unreimbursed_medical_care_expenses;oh_joint_filing_credit_qualifying_income;oh_modified_agi;oh_taxable_income;oh_unreimbursed_medical_care_expense_deduction_person,
scenario_055,FL,1,2434.800048828125,0.0,False,False,0.0,0.0,25238.578125,0.0,0.0,0.0,,
scenario_059,FL,2,4869.60009765625,0.0,False,False,3089.91015625,0.0,0.0,0.0,0.0,0.0,,
scenario_060,TX,1,2434.800048828125,0.0,False,False,14204.1748046875,11769.375,0.0,0.0,0.0,0.0,,
scenario_062,FL,1,2434.800048828125,0.0,False,False,5135.5810546875,2700.781494140625,0.0,0.0,0.0,0.0,,
scenario_071,NY,1,2434.800048828125,0.0,False,False,2133.949951171875,0.0,0.0,0.0,0.0,0.0,ny_itemized_deductions;ny_itemized_deductions_max,
scenario_072,MI,2,4869.60009765625,0.0,True,False,37152.046875,32282.4453125,0.0,0.0,0.0,0.0,,
scenario_085,PA,1,2434.800048828125,0.0,False,False,2716.82470703125,282.02490234375,2322.760009765625,0.0,0.0,0.0,pa_ccw_medical_expenses,
scenario_092,AL,1,2434.800048828125,0.0,False,False,1311.300048828125,0.0,0.0,0.0,0.0,0.0,al_deductions;al_itemized_deductions;al_medical_expense_deduction,
scenario_095,NJ,1,2434.800048828125,0.0,False,False,1688.2835693359375,0.0,0.0,0.0,0.0,0.0,nj_main_income_tax;nj_medical_expense_deduction;nj_taxable_income;nj_taxable_income_before_property_tax_deduction;nj_total_deductions,
scenario_098,IL,1,2434.800048828125,0.0,False,False,2537.800048828125,103.0,0.0,0.0,0.0,0.0,,
scenario_104,NY,1,2434.800048828125,0.0,False,False,2734.800048828125,300.0,0.0,0.0,0.0,0.0,ny_itemized_deductions;ny_itemized_deductions_max,
scenario_107,OH,1,2434.800048828125,0.0,False,False,1276.8187255859375,0.0,0.0,0.0,0.0,0.0,oh_agi;oh_agi_person;oh_deductions;oh_insured_unreimbursed_medical_care_expense_amount;oh_insured_unreimbursed_medical_care_expenses;oh_joint_filing_credit_qualifying_income;oh_modified_agi;oh_taxable_income;oh_unreimbursed_medical_care_expense_deduction_person,
scenario_108,WI,1,2434.800048828125,0.0,False,False,2360.60009765625,0.0,0.0,0.0,288.0,288.0,,
scenario_111,WA,1,2434.800048828125,0.0,False,False,1566.800048828125,0.0,0.0,0.0,0.0,0.0,,
scenario_114,VA,1,2434.800048828125,0.0,True,True,4441.857421875,2007.0576171875,10729.6123046875,3514.14501953125,0.0,0.0,va_deductions;va_income_tax_before_non_refundable_credits;va_income_tax_before_refundable_credits;va_income_tax_if_claiming_non_refundable_eitc;va_income_tax_if_claiming_refundable_eitc;va_itemized_deductions;va_reduced_itemized_deductions;va_taxable_income,federal_income_tax_before_refundable_credits;state_income_tax_before_refundable_credits
scenario_115,AL,1,2434.800048828125,0.0,False,False,2584.800048828125,150.0,0.0,4.679999828338623,0.0,0.0,al_itemized_deductions;al_medical_expense_deduction,
scenario_118,NY,1,0.0,2434.800048828125,False,False,29.0,29.0,0.0,0.0,2868.0,2868.0,,
scenario_120,CT,1,2434.800048828125,0.0,True,True,0.0,0.0,40416.66796875,11917.18359375,0.0,0.0,,
scenario_122,MN,1,2434.800048828125,0.0,False,False,0.0,0.0,4746.66162109375,1025.54150390625,0.0,0.0,,
