scenario_id,state,reference,recomputed,matches_reference,employee_social_security_tax,employee_medicare_tax,additional_medicare_tax,federal_total,employee_state_payroll_tax,parts_add_up,state_programs,leaves_add_up,excluded,excluded_reason,household_wages
scenario_000,TX,0.0,0.0,True,0.0,0.0,0.0,0.0,0.0,True,,True,False,,0.0
scenario_001,VA,2223.393798828125,2223.393798828125,True,1801.9661865234375,421.42755126953125,0.0,2223.3937377929688,0.0,True,,True,False,,29063.970703125
scenario_002,WA,0.0,0.0,True,0.0,0.0,0.0,0.0,0.0,True,,True,False,,0.0
scenario_003,TX,0.0,0.0,True,0.0,0.0,0.0,0.0,0.0,True,,True,False,,0.0
scenario_004,NY,0.0,0.0,True,0.0,0.0,0.0,0.0,0.0,True,,True,False,,0.0
scenario_005,CA,36044.0,36044.0,True,22599.0,6235.0,1620.0,30454.0,5590.0,True,ca_employee_state_disability_insurance_contribution=5590.00,True,False,,430000.0
scenario_007,ID,0.0,0.0,True,0.0,0.0,0.0,0.0,0.0,True,,True,False,,0.0
scenario_008,NJ,2162.760009765625,2162.760009765625,True,1661.5999755859375,388.5999755859375,0.0,2050.199951171875,112.56000518798828,True,nj_employee_family_leave_insurance_contribution=61.64;nj_employee_temporary_disability_insurance_contribution=50.92,True,True,reference_engine_defect,26800.0
scenario_009,NC,4590.0,4590.0,True,3720.0,870.0,0.0,4590.0,0.0,True,,True,False,,60000.0
scenario_012,MS,1683.0,1683.0,True,1364.0,319.0,0.0,1683.0,0.0,True,,True,False,,22000.0
scenario_013,AZ,0.0,0.0,True,0.0,0.0,0.0,0.0,0.0,True,,True,False,,0.0
scenario_014,WV,6802.96484375,6802.96484375,True,5513.51416015625,1289.4508056640625,0.0,6802.9649658203125,0.0,True,,True,False,,88927.6484375
scenario_015,IN,3442.5,3442.5,True,2790.0,652.5,0.0,3442.5,0.0,True,,True,False,,45000.0
scenario_016,FL,2649.80224609375,2649.80224609375,True,2147.55224609375,502.2501220703125,0.0,2649.8023681640625,0.0,True,,True,False,,34637.94140625
scenario_018,AZ,5202.38232421875,5202.38232421875,True,4216.31005859375,986.0724487304688,0.0,5202.382507324219,0.0,True,,True,False,,68005.0
scenario_020,TX,16689.0,16689.0,True,11439.0,4350.0,900.0,16689.0,0.0,True,,True,False,,300000.0
scenario_021,MO,0.0,0.0,True,0.0,0.0,0.0,0.0,0.0,True,,True,False,,0.0
scenario_022,CA,4710.83251953125,4710.83251953125,True,3263.369873046875,763.2074584960938,0.0,4026.5773315429688,684.2550048828125,True,ca_employee_state_disability_insurance_contribution=684.26,True,False,,52635.0
scenario_023,CA,1561.1168212890625,1561.1168212890625,True,1081.444091796875,252.91836547851562,0.0,1334.3624572753906,226.75440979003906,True,ca_employee_state_disability_insurance_contribution=226.75,True,False,,17442.646484375
scenario_025,OH,4798.48486328125,4798.48486328125,True,3888.968017578125,909.5167236328125,0.0,4798.4847412109375,0.0,True,,True,False,,62725.29296875
scenario_026,NC,6518.474609375,6518.474609375,True,5282.94677734375,1235.52783203125,0.0,6518.474609375,0.0,True,,True,False,,85208.8203125
scenario_027,CT,0.0,0.0,True,0.0,0.0,0.0,0.0,0.0,True,,True,False,,0.0
scenario_028,PA,4632.0,4632.0,True,3720.0,870.0,0.0,4590.0,42.0,True,pa_employee_unemployment_compensation_contribution=42.00,True,False,,60000.0
scenario_029,OK,0.0,0.0,True,0.0,0.0,0.0,0.0,0.0,True,,True,False,,0.0
scenario_030,TX,994.5,994.5,True,806.0,188.5,0.0,994.5,0.0,True,,True,False,,13000.0
scenario_031,CA,0.0,0.0,True,0.0,0.0,0.0,0.0,0.0,True,,True,False,,0.0
scenario_032,MN,2346.10009765625,2346.10009765625,True,1798.0,420.5,0.0,2218.5,127.5999984741211,True,mn_employee_paid_leave_contribution=127.60,True,False,,29000.0
scenario_033,SD,6043.5,6043.5,True,4898.0,1145.5,0.0,6043.5,0.0,True,,True,False,,79000.0
scenario_036,NJ,0.0,0.0,True,0.0,0.0,0.0,0.0,0.0,True,,True,False,,0.0
scenario_037,NC,3208.668701171875,3208.668701171875,True,2600.48974609375,608.1790161132812,0.0,3208.6687622070312,0.0,True,,True,False,,41943.3828125
scenario_038,LA,571.2637329101562,571.2637329101562,True,462.9849853515625,108.27874755859375,0.0,571.2637329101562,0.0,True,,True,False,,7467.5
scenario_039,VA,0.0,0.0,True,0.0,0.0,0.0,0.0,0.0,True,,True,False,,0.0
scenario_040,AZ,2142.0,2142.0,True,1736.0,406.0,0.0,2142.0,0.0,True,,True,False,,28000.0
scenario_042,WI,0.0,0.0,True,0.0,0.0,0.0,0.0,0.0,True,,True,False,,0.0
scenario_043,CO,330.7310791015625,330.7310791015625,True,253.46510314941406,59.27812957763672,0.0,312.7432327270508,17.98784637451172,True,co_employee_famli_contribution=17.99,True,False,,4088.14697265625
scenario_044,KS,0.0,0.0,True,0.0,0.0,0.0,0.0,0.0,True,,True,False,,0.0
scenario_045,MI,2775.08251953125,2775.08251953125,True,2249.08642578125,525.9960327148438,0.0,2775.0824584960938,0.0,True,,True,False,,36275.58984375
scenario_046,OK,7038.0,7038.0,True,5704.0,1334.0,0.0,7038.0,0.0,True,,True,False,,92000.0
scenario_048,OH,585.6839599609375,585.6839599609375,True,474.6719970703125,111.01199340820312,0.0,585.6839904785156,0.0,True,,True,False,,7656.0
scenario_049,NH,15134.5,15134.5,True,11439.0,3668.5,27.0,15134.5,0.0,True,,True,False,,253000.0
scenario_051,LA,3060.0,3060.0,True,2480.0,580.0,0.0,3060.0,0.0,True,,True,False,,40000.0
scenario_052,TX,20939.0,20939.0,True,11439.0,7250.0,2250.0,20939.0,0.0,True,,True,False,,500000.0
scenario_053,ID,5123.10400390625,5123.10400390625,True,4152.05810546875,971.0458374023438,0.0,5123.103942871094,0.0,True,,True,False,,66968.6796875
scenario_054,NC,0.0,0.0,True,0.0,0.0,0.0,0.0,0.0,True,,True,False,,0.0
scenario_055,FL,6398.08837890625,6398.08837890625,True,5185.37890625,1212.7095947265625,0.0,6398.0885009765625,0.0,True,,True,False,,83635.1484375
scenario_056,NJ,0.0,0.0,True,0.0,0.0,0.0,0.0,0.0,True,,True,False,,0.0
scenario_057,LA,0.0,0.0,True,0.0,0.0,0.0,0.0,0.0,True,,True,False,,0.0
scenario_059,FL,0.0,0.0,True,0.0,0.0,0.0,0.0,0.0,True,,True,False,,0.0
scenario_060,TX,229.5,229.5,True,186.0,43.5,0.0,229.5,0.0,True,,True,False,,3000.0
scenario_062,FL,0.0,0.0,True,0.0,0.0,0.0,0.0,0.0,True,,True,False,,0.0
scenario_064,WI,7443.0673828125,7443.0673828125,True,6032.2900390625,1410.7774658203125,0.0,7443.0675048828125,0.0,True,,True,False,,97295.0
scenario_066,VA,39.779998779296875,39.779998779296875,True,32.23999786376953,7.539999961853027,0.0,39.77999782562256,0.0,True,,True,False,,520.0
scenario_067,IN,6300.5400390625,6300.5400390625,True,5106.31982421875,1194.219970703125,0.0,6300.539794921875,0.0,True,,True,False,,82360.0
scenario_068,MD,2607.39013671875,2607.39013671875,True,2113.178955078125,494.211181640625,0.0,2607.39013671875,0.0,True,,True,False,,34083.53125
scenario_070,IL,2907.0,2907.0,True,2356.0,551.0,0.0,2907.0,0.0,True,,True,False,,38000.0
scenario_071,NY,0.0,0.0,True,0.0,0.0,0.0,0.0,0.0,True,,True,False,,0.0
scenario_072,MI,1530.0,1530.0,True,1240.0,290.0,0.0,1530.0,0.0,True,,True,False,,20000.0
scenario_073,MI,0.0,0.0,True,0.0,0.0,0.0,0.0,0.0,True,,True,False,,0.0
scenario_074,LA,0.0,0.0,True,0.0,0.0,0.0,0.0,0.0,True,,True,False,,0.0
scenario_075,FL,968.2120971679688,968.2120971679688,True,784.6947631835938,183.51731872558594,0.0,968.2120819091797,0.0,True,,True,False,,12656.3671875
scenario_076,ID,12240.0,12240.0,True,9920.0,2320.0,0.0,12240.0,0.0,True,,True,False,,160000.0
scenario_077,LA,1989.472412109375,1989.472412109375,True,1612.3828125,377.08953857421875,0.0,1989.4723510742188,0.0,True,,True,False,,26006.17578125
scenario_078,MD,14317.322265625,14317.322265625,True,11439.0,2878.322509765625,0.0,14317.322509765625,0.0,True,,True,False,,198505.0
scenario_079,AZ,0.0,0.0,True,0.0,0.0,0.0,0.0,0.0,True,,True,False,,0.0
scenario_080,PA,0.0,0.0,True,0.0,0.0,0.0,0.0,0.0,True,,True,False,,0.0
scenario_081,MA,14192.662109375,14192.662109375,True,10850.1240234375,2537.52880859375,0.0,13387.65283203125,805.0092163085938,True,ma_employee_paid_leave_contribution=805.01,True,False,,175002.0
scenario_082,NY,8108.02734375,8108.02734375,True,6212.08984375,1452.8275146484375,0.0,7664.9173583984375,443.1100158691406,True,ny_employee_disability_benefits_contribution=31.20;ny_employee_paid_family_leave_contribution=411.91,True,False,,100195.0
scenario_083,TX,539.3250122070312,539.3250122070312,True,437.1000061035156,102.2249984741211,0.0,539.3250045776367,0.0,True,,True,False,,7050.0
scenario_084,NC,0.0,0.0,True,0.0,0.0,0.0,0.0,0.0,True,,True,False,,0.0
scenario_085,PA,0.0,0.0,True,0.0,0.0,0.0,0.0,0.0,True,,True,False,,0.0
scenario_086,GA,4743.0,4743.0,True,3844.0,899.0,0.0,4743.0,0.0,True,,True,False,,62000.0
scenario_088,TX,1421.1448974609375,1421.1448974609375,True,1151.777587890625,269.3673400878906,0.0,1421.1449279785156,0.0,True,,True,False,,18577.05859375
scenario_089,NC,5039.91015625,5039.91015625,True,4084.633056640625,955.277099609375,0.0,5039.91015625,0.0,True,,True,False,,65881.1796875
scenario_090,KS,535.5,535.5,True,434.0,101.5,0.0,535.5,0.0,True,,True,False,,7000.0
scenario_091,WI,2065.5,2065.5,True,1674.0,391.5,0.0,2065.5,0.0,True,,True,False,,27000.0
scenario_092,AL,0.0,0.0,True,0.0,0.0,0.0,0.0,0.0,True,,True,False,,0.0
scenario_093,MO,12469.5,12469.5,True,10106.0,2363.5,0.0,12469.5,0.0,True,,True,False,,163000.0
scenario_095,NJ,0.0,0.0,True,0.0,0.0,0.0,0.0,0.0,True,,True,False,,0.0
scenario_098,IL,0.0,0.0,True,0.0,0.0,0.0,0.0,0.0,True,,True,False,,0.0
scenario_099,CA,14767.5,14767.5,True,10230.0,2392.5,0.0,12622.5,2145.0,True,ca_employee_state_disability_insurance_contribution=2145.00,True,False,,165000.0
scenario_100,MT,452.47613525390625,452.47613525390625,True,366.7126770019531,85.7634506225586,0.0,452.4761276245117,0.0,True,,True,False,,5914.720703125
scenario_101,TX,7879.5,7879.5,True,6386.0,1493.5,0.0,7879.5,0.0,True,,True,False,,103000.0
scenario_102,NC,6670.7998046875,6670.7998046875,True,5406.39990234375,1264.39990234375,0.0,6670.7998046875,0.0,True,,True,False,,87200.0
scenario_104,NY,0.0,0.0,True,0.0,0.0,0.0,0.0,0.0,True,,True,False,,0.0
scenario_107,OH,486.9607238769531,486.9607238769531,True,394.6609802246094,92.29974365234375,0.0,486.9607238769531,0.0,True,,True,False,,6365.5
scenario_108,WI,585.6839599609375,585.6839599609375,True,474.6719970703125,111.01199340820312,0.0,585.6839904785156,0.0,True,,True,False,,7656.0
scenario_109,FL,0.0,0.0,True,0.0,0.0,0.0,0.0,0.0,True,,True,False,,0.0
scenario_110,OH,7650.0,7650.0,True,6200.0,1450.0,0.0,7650.0,0.0,True,,True,False,,100000.0
scenario_111,WA,0.0,0.0,True,0.0,0.0,0.0,0.0,0.0,True,,True,False,,0.0
scenario_112,TX,453.0960083007813,453.09600830078125,True,367.2150573730469,85.88094329833984,0.0,453.0960006713867,0.0,True,,True,False,,5922.82373046875
scenario_114,VA,1736.550048828125,1736.550048828125,True,1407.4000244140625,329.1499938964844,0.0,1736.5500183105469,0.0,True,,True,False,,22700.0
scenario_115,AL,0.0,0.0,True,0.0,0.0,0.0,0.0,0.0,True,,True,False,,0.0
scenario_116,FL,0.0,0.0,True,0.0,0.0,0.0,0.0,0.0,True,,True,False,,0.0
scenario_117,AR,15044.787109375,15044.787109375,True,11439.0,3605.787353515625,0.0,15044.787353515625,0.0,True,,True,False,,248675.0
scenario_118,NY,0.0,0.0,True,0.0,0.0,0.0,0.0,0.0,True,,True,False,,0.0
scenario_119,VA,4207.5,4207.5,True,3410.0,797.5,0.0,4207.5,0.0,True,,True,False,,55000.0
scenario_120,CT,13496.1552734375,13496.1552734375,True,10267.013671875,2401.156494140625,0.0,12668.170166015625,827.9849853515625,True,ct_employee_paid_leave_contribution=827.98,True,False,,165597.0
scenario_121,SC,1963.3724365234375,1963.3724365234375,True,1591.22998046875,372.1424865722656,0.0,1963.3724670410156,0.0,True,,True,False,,25665.0
scenario_122,MN,0.0,0.0,True,0.0,0.0,0.0,0.0,0.0,True,,True,False,,0.0
scenario_123,PA,11194.0,11194.0,True,8990.0,2102.5,0.0,11092.5,101.5,True,pa_employee_unemployment_compensation_contribution=101.50,True,False,,145000.0
