scenario_id,state,scored,filing_status,head_age,has_farm_income,itemizes,capital_gain_worksheet,taxable_income,taxable_income_class,amount_at_ordinary_rates,tax_table_applies,band,schedule_tax_on_amount,constructed_table_tax_on_amount,irs_draft_2026_table_tax_on_amount,marginal_rate,schedule_regular_tax,table_regular_tax,nonrefundable_credits_schedule,nonrefundable_credits_table,reference,schedule_value,constructed_table_value,difference,differs_beyond_1,table_whole_dollar_value
scenario_000,TX,True,SINGLE,77,False,False,False,26287.11,under_100000,26287.11,True,26250-26300,2906.45,2905,2905,0.12,2906.45,2905.0,0.0,0.0,2906.45361328125,2906.45361328125,2905.0,-1.45361328125,True,2905.0
scenario_001,VA,True,JOINT,71,False,False,False,0.0,zero,0.0,False,,0.0,,,,0.0,0.0,0.0,0.0,0.0,0.0,0.0,0.0,False,0.0
scenario_002,WA,False,JOINT,77,False,False,False,0.0,zero,0.0,False,,0.0,,,,0.0,0.0,0.0,0.0,0.0,0.0,0.0,0.0,False,0.0
scenario_003,TX,True,JOINT,64,False,False,True,151090.25,100000_or_more,147330.25,False,,21836.65,,,,22400.65,22400.65,0.0,0.0,22400.654296875,22400.654296875,22400.654296875,0.0,False,22400.599609375
scenario_004,NY,True,JOINT,62,False,False,False,0.0,zero,0.0,False,,0.0,,,,0.0,0.0,0.0,0.0,0.0,0.0,0.0,0.0,False,0.0
scenario_005,CA,False,JOINT,35,False,False,True,509806.25,100000_or_more,431886.25,False,,91115.6,,,,102803.6,102803.6,0.0,0.0,106505.8984375,108525.578125,108525.578125,0.0,False,108525.5
scenario_007,ID,True,SINGLE,56,False,False,False,32964.12,under_100000,32964.12,True,32950-33000,3707.7,3709,3709,0.12,3707.7,3709.0,0.0,0.0,3707.695068359375,3707.695068359375,3709.0,1.304931640625,True,3709.0
scenario_008,NJ,True,JOINT,42,False,False,False,0.0,zero,0.0,False,,0.0,,,,0.0,0.0,0.0,0.0,0.0,0.0,0.0,0.0,False,0.0
scenario_009,NC,True,JOINT,57,False,False,False,73700.0,under_100000,73700.0,True,73700-73750,8348.0,8351,8351,0.12,8348.0,8351.0,0.0,0.0,8348.0,8348.0,8351.0,3.0,True,8351.0
scenario_012,MS,True,JOINT,40,False,False,False,0.0,zero,0.0,False,,0.0,,,,0.0,0.0,0.0,0.0,0.0,0.0,0.0,0.0,False,0.0
scenario_013,AZ,True,SINGLE,80,False,False,False,0.0,zero,0.0,False,,0.0,,,,0.0,0.0,0.0,0.0,0.0,0.0,0.0,0.0,False,0.0
scenario_014,WV,True,JOINT,41,False,False,False,56727.65,under_100000,56727.65,True,56700-56750,6311.32,6311,6311,0.12,6311.32,6311.0,0.0,0.0,6311.31787109375,6311.31787109375,6311.0,-0.31787109375,False,6311.0
scenario_015,IN,True,SINGLE,36,False,False,False,26809.38,under_100000,26809.38,True,26800-26850,2969.13,2971,2971,0.12,2969.13,2971.0,0.0,0.0,2969.1259765625,2969.1259765625,2971.0,1.8740234375,True,2971.0
scenario_016,FL,True,SINGLE,49,False,True,False,0.0,zero,0.0,False,,0.0,,,,0.0,0.0,0.0,0.0,0.0,0.0,0.0,0.0,False,0.0
scenario_018,AZ,True,SINGLE,53,False,False,False,45492.09,under_100000,45492.09,True,45450-45500,5211.05,5209,5209,0.12,5211.05,5209.0,0.0,0.0,5211.05078125,5211.05078125,5209.0,-2.05078125,True,5209.0
scenario_020,TX,False,SINGLE,36,False,False,True,283854.19,100000_or_more,283823.59,False,,68107.51,,,,68112.09,68112.09,0.0,0.0,68056.7109375,68334.734375,68334.734375,0.0,False,68334.875
scenario_021,MO,True,SINGLE,85,False,False,False,0.0,zero,0.0,False,,0.0,,,,0.0,0.0,0.0,0.0,0.0,0.0,0.0,0.0,False,0.0
scenario_022,CA,False,SINGLE,77,False,True,False,74552.59,under_100000,74552.59,True,74550-74600,11113.57,11119,11119,0.22,11113.57,11119.0,0.0,0.0,11113.5703125,11113.5703125,11119.0,5.4296875,True,11119.0
scenario_023,CA,True,SINGLE,28,False,False,False,6434.34,under_100000,6434.34,True,6400-6450,643.43,643,643,0.1,643.43,643.0,0.0,0.0,643.43359375,643.43359375,643.0,-0.43359375,False,643.0
scenario_025,OH,True,JOINT,61,False,False,False,62725.3,under_100000,62725.3,True,62700-62750,7031.04,7031,7031,0.12,7031.04,7031.0,0.0,0.0,7031.03564453125,7031.03564453125,7031.0,-0.03564453125,False,7031.0
scenario_026,NC,True,JOINT,48,False,False,False,42354.26,under_100000,42354.26,True,42350-42400,4586.51,4589,4589,0.12,4586.51,4589.0,4586.51,4589.0,0.0,0.0,0.0,0.0,False,0.0
scenario_027,CT,True,JOINT,68,False,False,False,0.0,zero,0.0,False,,0.0,,,,0.0,0.0,0.0,0.0,0.0,0.0,0.0,0.0,False,0.0
scenario_028,PA,True,HEAD_OF_HOUSEHOLD,45,False,False,False,35860.0,under_100000,35860.0,True,35850-35900,3949.2,3951,3951,0.12,3949.2,3951.0,3949.2,3951.0,0.0,0.0,0.0,0.0,False,0.0
scenario_029,OK,True,SINGLE,21,False,False,False,0.0,zero,0.0,False,,0.0,,,,0.0,0.0,0.0,0.0,0.0,0.0,0.0,0.0,False,0.0
scenario_030,TX,True,SINGLE,23,False,False,False,0.0,zero,0.0,False,,0.0,,,,0.0,0.0,0.0,0.0,0.0,0.0,0.0,0.0,False,0.0
scenario_031,CA,True,SINGLE,67,False,False,False,0.0,zero,0.0,False,,0.0,,,,0.0,0.0,0.0,0.0,0.0,0.0,0.0,0.0,False,0.0
scenario_032,MN,True,JOINT,50,False,False,False,0.0,zero,0.0,False,,0.0,,,,0.0,0.0,0.0,0.0,0.0,0.0,0.0,0.0,False,0.0
scenario_033,SD,False,JOINT,69,False,False,False,35951.23,under_100000,35951.23,True,35950-36000,3818.15,3821,3821,0.12,3818.15,3821.0,0.0,0.0,3818.148193359375,3818.148193359375,3821.0,2.851806640625,True,3821.0
scenario_036,NJ,True,SINGLE,56,False,False,False,43120.0,under_100000,43120.0,True,43100-43150,4926.4,4927,4927,0.12,4926.4,4927.0,0.0,0.0,4926.39990234375,4926.39990234375,4927.0,0.60009765625,False,4927.0
scenario_037,NC,True,SINGLE,44,False,False,False,15810.43,under_100000,15810.43,True,15800-15850,1649.25,1651,1651,0.12,1649.25,1651.0,0.0,0.0,1649.2513427734375,1649.2513427734375,1651.0,1.7486572265625,True,1651.0
scenario_038,LA,True,JOINT,25,False,False,False,0.0,zero,0.0,False,,0.0,,,,0.0,0.0,0.0,0.0,0.0,0.0,0.0,0.0,False,0.0
scenario_039,VA,True,SINGLE,61,False,False,False,63109.22,under_100000,63109.22,True,63100-63150,8596.03,8600,8600,0.22,8596.03,8600.0,0.0,0.0,8596.0283203125,8596.0283203125,8600.0,3.9716796875,True,8600.0
scenario_040,AZ,True,JOINT,73,False,False,False,0.0,zero,0.0,False,,0.0,,,,0.0,0.0,0.0,0.0,0.0,0.0,0.0,0.0,False,0.0
scenario_042,WI,True,SINGLE,79,True,False,True,26430.71,under_100000,21749.71,True,21700-21750,2361.96,2359,2359,0.12,2361.96,2359.0,0.0,0.0,2361.96484375,2361.96484375,2359.0,-2.96484375,True,2365.0
scenario_043,CO,True,SINGLE,66,False,False,False,0.0,zero,0.0,False,,0.0,,,,0.0,0.0,0.0,0.0,0.0,0.0,0.0,0.0,False,0.0
scenario_044,KS,True,JOINT,66,False,False,False,0.0,zero,0.0,False,,0.0,,,,0.0,0.0,0.0,0.0,0.0,0.0,0.0,0.0,False,0.0
scenario_045,MI,True,SINGLE,44,False,False,False,20175.59,under_100000,20175.59,True,20150-20200,2173.07,2173,2173,0.12,2173.07,2173.0,0.0,0.0,2173.07080078125,2173.07080078125,2173.0,-0.07080078125,False,2173.0
scenario_046,OK,True,JOINT,39,False,False,False,44964.29,under_100000,44964.29,True,44950-45000,4899.71,4901,4901,0.12,4899.71,4901.0,4400.0,4400.0,499.71484375,499.71484375,501.0,1.28515625,True,501.0
scenario_048,OH,True,SINGLE,85,False,False,False,0.0,zero,0.0,False,,0.0,,,,0.0,0.0,0.0,0.0,0.0,0.0,0.0,0.0,False,0.0
scenario_049,NH,True,JOINT,53,False,False,True,189605.23,100000_or_more,183397.23,False,,29771.39,,,,30702.59,30702.59,0.0,0.0,30702.58984375,30702.58984375,30702.58984375,0.0,False,30702.5390625
scenario_051,LA,True,SINGLE,25,False,False,True,24080.0,under_100000,23900.0,True,23900-23950,2620.0,2623,2623,0.12,2620.0,2623.0,0.0,0.0,2620.0,2620.0,2623.0,3.0,True,2623.0
scenario_052,TX,False,JOINT,59,False,False,True,472621.84,100000_or_more,471773.84,False,,103879.63,,,,104006.84,104006.84,0.0,0.0,104211.40625,104225.2578125,104225.2578125,0.0,False,104225.3046875
scenario_053,ID,True,SINGLE,25,False,False,False,50868.68,under_100000,50868.68,True,50850-50900,5903.11,5905,5905,0.22,5903.11,5905.0,0.0,0.0,5903.109375,5903.109375,5905.0,1.890625,True,5905.0
scenario_054,NC,True,HEAD_OF_HOUSEHOLD,40,False,False,False,0.0,zero,0.0,False,,0.0,,,,0.0,0.0,0.0,0.0,0.0,0.0,0.0,0.0,False,0.0
scenario_055,FL,True,SINGLE,70,False,False,False,136002.41,100000_or_more,136002.41,False,,25238.58,,,,25238.58,25238.58,0.0,0.0,25238.578125,25238.578125,25238.578125,0.0,False,25238.48046875
scenario_056,NJ,True,SINGLE,20,False,False,False,0.0,zero,0.0,False,,0.0,,,,0.0,0.0,0.0,0.0,0.0,0.0,0.0,0.0,False,0.0
scenario_057,LA,True,JOINT,43,False,False,False,0.0,zero,0.0,False,,0.0,,,,0.0,0.0,0.0,0.0,0.0,0.0,0.0,0.0,False,0.0
scenario_059,FL,True,JOINT,79,False,False,False,0.0,zero,0.0,False,,0.0,,,,0.0,0.0,0.0,0.0,0.0,0.0,0.0,0.0,False,0.0
scenario_060,TX,True,SINGLE,70,False,False,False,0.0,zero,0.0,False,,0.0,,,,0.0,0.0,0.0,0.0,0.0,0.0,0.0,0.0,False,0.0
scenario_062,FL,False,SINGLE,85,True,False,False,0.0,zero,0.0,False,,0.0,,,,0.0,0.0,0.0,0.0,0.0,0.0,0.0,0.0,False,0.0
scenario_064,WI,True,JOINT,48,True,False,False,67812.12,under_100000,67812.12,True,67800-67850,7641.46,7643,7643,0.12,7641.46,7643.0,3200.0,3200.0,4441.455078125,4441.455078125,4443.0,1.544921875,True,4443.0
scenario_066,VA,True,SINGLE,40,False,False,False,0.0,zero,0.0,False,,0.0,,,,0.0,0.0,0.0,0.0,0.0,0.0,0.0,0.0,False,0.0
scenario_067,IN,True,JOINT,60,False,False,False,55102.0,under_100000,55102.0,True,55100-55150,6116.24,6119,6119,0.12,6116.24,6119.0,500.0,500.0,5616.240234375,5616.240234375,5619.0,2.759765625,True,5619.0
scenario_068,MD,True,SINGLE,31,False,False,False,17983.53,under_100000,17983.53,True,17950-18000,1910.02,1909,1909,0.12,1910.02,1909.0,0.0,0.0,1910.0238037109375,1910.0238037109375,1909.0,-1.0238037109375,True,1909.0
scenario_070,IL,True,SINGLE,57,False,False,False,20169.67,under_100000,20169.67,True,20150-20200,2172.36,2173,2173,0.12,2172.36,2173.0,192.4,192.4,1979.9605712890625,1979.9605712890625,1980.5999755859375,0.639404296875,False,1980.5999755859375
scenario_071,NY,True,SINGLE,76,False,False,False,0.0,zero,0.0,False,,0.0,,,,0.0,0.0,0.0,0.0,0.0,0.0,0.0,0.0,False,0.0
scenario_072,MI,True,JOINT,80,False,True,False,0.0,zero,0.0,False,,0.0,,,,0.0,0.0,0.0,0.0,0.0,0.0,0.0,0.0,False,0.0
scenario_073,MI,True,SINGLE,57,False,False,False,0.0,zero,0.0,False,,0.0,,,,0.0,0.0,0.0,0.0,0.0,0.0,0.0,0.0,False,0.0
scenario_074,LA,True,SINGLE,54,False,False,False,0.0,zero,0.0,False,,0.0,,,,0.0,0.0,0.0,0.0,0.0,0.0,0.0,0.0,False,0.0
scenario_075,FL,True,SINGLE,62,False,False,True,93186.13,under_100000,86960.37,True,86950-87000,13843.28,13847,13847,0.22,14777.15,14780.86,0.0,0.0,14777.1455078125,14777.1455078125,14780.8642578125,3.71875,True,14780.8642578125
scenario_076,ID,True,HEAD_OF_HOUSEHOLD,45,False,False,False,139270.0,100000_or_more,139270.0,False,,24211.8,,,,24211.8,24211.8,4600.0,4600.0,19611.80078125,19611.80078125,19611.80078125,0.0,False,19611.80078125
scenario_077,LA,True,SINGLE,37,False,False,False,6906.18,under_100000,6906.18,True,6900-6950,690.62,693,693,0.1,690.62,693.0,0.0,0.0,690.6175537109375,690.6175537109375,693.0,2.3824462890625,True,693.0
scenario_078,MD,False,SINGLE,19,False,True,False,131526.91,100000_or_more,131526.91,False,,24164.46,,,,24164.46,24164.46,0.0,0.0,24164.45703125,24164.45703125,24164.45703125,0.0,False,24164.48046875
scenario_079,AZ,True,JOINT,58,False,False,False,0.0,zero,0.0,False,,0.0,,,,0.0,0.0,0.0,0.0,0.0,0.0,0.0,0.0,False,0.0
scenario_080,PA,True,SINGLE,41,False,False,False,0.0,zero,0.0,False,,0.0,,,,0.0,0.0,0.0,0.0,0.0,0.0,0.0,0.0,False,0.0
scenario_081,MA,False,SINGLE,30,False,True,False,143059.47,100000_or_more,143059.47,False,,26932.27,,,,26932.27,26932.27,0.0,0.0,26932.2734375,26932.2734375,26932.2734375,0.0,False,26932.16015625
scenario_082,NY,True,HEAD_OF_HOUSEHOLD,23,False,False,True,92811.12,under_100000,79387.12,True,79350-79400,10366.17,10364,10364,0.22,12379.77,12377.6,2800.0,2800.0,9579.767578125,9579.767578125,9577.599609375,-2.16796875,True,9577.599609375
scenario_083,TX,True,SINGLE,20,False,False,False,0.0,zero,0.0,False,,0.0,,,,0.0,0.0,0.0,0.0,0.0,0.0,0.0,0.0,False,0.0
scenario_084,NC,True,SINGLE,62,False,False,False,0.0,zero,0.0,False,,0.0,,,,0.0,0.0,0.0,0.0,0.0,0.0,0.0,0.0,False,0.0
scenario_085,PA,True,SINGLE,67,False,False,False,21423.74,under_100000,21423.74,True,21400-21450,2322.85,2323,2323,0.12,2322.85,2323.0,0.0,0.0,2322.8486328125,2322.8486328125,2323.0,0.1513671875,False,2323.0
scenario_086,GA,True,HEAD_OF_HOUSEHOLD,44,False,False,False,48412.9,under_100000,48412.9,True,48400-48450,5455.55,5457,5457,0.12,5455.55,5457.0,2200.0,2200.0,3255.5478515625,3255.5478515625,3257.0,1.4521484375,True,3257.0
scenario_088,TX,True,SINGLE,56,False,True,False,0.0,zero,0.0,False,,0.0,,,,0.0,0.0,0.0,0.0,0.0,0.0,0.0,0.0,False,0.0
scenario_089,NC,True,JOINT,47,False,False,False,60964.27,under_100000,60964.27,True,60950-61000,6819.71,6821,6821,0.12,6819.71,6821.0,0.0,0.0,6819.7119140625,6819.7119140625,6821.0,1.2880859375,True,6821.0
scenario_090,KS,True,SINGLE,22,False,False,False,0.0,zero,0.0,False,,0.0,,,,0.0,0.0,0.0,0.0,0.0,0.0,0.0,0.0,False,0.0
scenario_091,WI,True,SINGLE,22,False,False,True,19454.66,under_100000,14316.66,True,14300-14350,1470.0,1471,1471,0.12,1470.0,1471.0,120.0,120.0,1349.998779296875,1349.998779296875,1351.0,1.001220703125,True,1351.0
scenario_092,AL,True,SINGLE,77,False,False,False,0.0,zero,0.0,False,,0.0,,,,0.0,0.0,0.0,0.0,0.0,0.0,0.0,0.0,False,0.0
scenario_093,MO,False,JOINT,51,False,False,False,80208.25,under_100000,80208.25,True,80200-80250,9128.99,9131,9131,0.12,9128.99,9131.0,500.0,500.0,8628.990234375,8628.990234375,8631.0,2.009765625,True,8631.0
scenario_095,NJ,True,SINGLE,73,False,False,False,0.0,zero,0.0,False,,0.0,,,,0.0,0.0,0.0,0.0,0.0,0.0,0.0,0.0,False,0.0
scenario_098,IL,True,SINGLE,80,True,False,False,0.0,zero,0.0,False,,0.0,,,,0.0,0.0,0.0,0.0,0.0,0.0,0.0,0.0,False,0.0
scenario_099,CA,True,JOINT,42,False,False,True,125529.3,100000_or_more,125401.3,False,,17012.29,,,,17031.48,17031.48,6320.0,6320.0,10711.484375,10711.484375,10711.484375,0.0,False,10711.419921875
scenario_100,MT,True,HEAD_OF_HOUSEHOLD,46,False,False,False,0.0,zero,0.0,False,,0.0,,,,0.0,0.0,0.0,0.0,0.0,0.0,0.0,0.0,False,0.0
scenario_101,TX,True,SINGLE,47,False,False,False,85030.0,under_100000,85030.0,True,85000-85050,13418.6,13418,13418,0.22,13418.6,13418.0,0.0,0.0,13418.599609375,13418.599609375,13418.0,-0.599609375,False,13418.0
scenario_102,NC,True,JOINT,26,False,False,False,55000.8,under_100000,55000.8,True,55000-55050,6104.1,6107,6107,0.12,6104.1,6107.0,0.0,0.0,6104.09619140625,6104.09619140625,6107.0,2.90380859375,True,6107.0
scenario_104,NY,True,SINGLE,72,False,False,False,0.0,zero,0.0,False,,0.0,,,,0.0,0.0,0.0,0.0,0.0,0.0,0.0,0.0,False,0.0
scenario_107,OH,False,SINGLE,75,False,False,False,0.0,zero,0.0,False,,0.0,,,,0.0,0.0,0.0,0.0,0.0,0.0,0.0,0.0,False,0.0
scenario_108,WI,True,SINGLE,85,False,False,False,0.0,zero,0.0,False,,0.0,,,,0.0,0.0,0.0,0.0,0.0,0.0,0.0,0.0,False,0.0
scenario_109,FL,True,JOINT,30,False,False,False,0.0,zero,0.0,False,,0.0,,,,0.0,0.0,0.0,0.0,0.0,0.0,0.0,0.0,False,0.0
scenario_110,OH,True,SINGLE,51,False,False,True,153455.47,100000_or_more,112571.7,False,,19615.21,,,,25747.77,25747.77,0.0,0.0,25747.7734375,25747.7734375,25747.7734375,0.0,False,25747.84375
scenario_111,WA,True,JOINT,72,False,False,False,0.0,zero,0.0,False,,0.0,,,,0.0,0.0,0.0,0.0,0.0,0.0,0.0,0.0,False,0.0
scenario_112,TX,True,SINGLE,31,True,False,False,0.0,zero,0.0,False,,0.0,,,,0.0,0.0,0.0,0.0,0.0,0.0,0.0,0.0,False,0.0
scenario_114,VA,False,SINGLE,69,False,True,False,72807.33,under_100000,72807.33,True,72800-72850,10729.61,10734,10734,0.22,10729.61,10734.0,0.0,0.0,10729.6123046875,10729.6123046875,10734.0,4.3876953125,True,10734.0
scenario_115,AL,True,SINGLE,77,False,False,False,0.0,zero,0.0,False,,0.0,,,,0.0,0.0,0.0,0.0,0.0,0.0,0.0,0.0,False,0.0
scenario_116,FL,True,JOINT,44,False,False,False,0.0,zero,0.0,False,,0.0,,,,0.0,0.0,0.0,0.0,0.0,0.0,0.0,0.0,False,0.0
scenario_117,AR,False,JOINT,44,False,False,False,191533.36,100000_or_more,191533.36,False,,31561.34,,,,31561.34,31561.34,6600.0,6600.0,24961.33984375,24961.33984375,24961.33984375,0.0,False,24961.259765625
scenario_118,NY,True,SINGLE,74,False,False,False,0.0,zero,0.0,False,,0.0,,,,0.0,0.0,0.0,0.0,0.0,0.0,0.0,0.0,False,0.0
scenario_119,VA,True,HEAD_OF_HOUSEHOLD,45,False,False,False,28418.54,under_100000,28418.54,True,28400-28450,3056.23,3057,3057,0.12,3056.23,3057.0,3056.23,3057.0,0.0,0.0,0.0,0.0,False,0.0
scenario_120,CT,False,SINGLE,76,True,True,False,198590.73,100000_or_more,198590.73,False,,40259.78,,,,40259.78,40259.78,0.0,0.0,40021.81640625,40423.17578125,40423.17578125,0.0,False,40423.23828125
scenario_121,SC,False,SINGLE,53,False,True,False,0.0,zero,0.0,False,,0.0,,,,0.0,0.0,0.0,0.0,0.0,0.0,0.0,0.0,False,0.0
scenario_122,MN,True,SINGLE,73,False,False,True,43446.18,under_100000,41622.18,True,41600-41650,4746.66,4747,4747,0.12,4746.66,4747.0,0.0,0.0,4746.66162109375,4746.66162109375,4747.0,0.33837890625,False,4747.0
scenario_123,PA,False,JOINT,39,False,False,False,65802.0,under_100000,65802.0,True,65800-65850,7400.24,7403,7403,0.12,7400.24,7403.0,2200.0,2200.0,5200.240234375,5200.240234375,5203.0,2.759765625,True,5203.0
