system,scenario_id,state,tax_unit,tax_units_in_household,filing_status,itemizes,has_qdiv_or_ltcg,taxable_income,capital_gains_excluded_from_taxable_income,income_tax_main_rates,tax_on_taxable_income_at_main_rates,capital_gains_tax,regular_tax_before_credits,alternative_minimum_tax,income_tax_before_credits,income_tax_capped_non_refundable_credits,income_tax_before_refundable_credits,income_tax_refundable_credits,foreign_earned_income_exclusion
baseline,scenario_000,TX,0,1,SINGLE,False,False,26287.11328125,0.0,2906.45361328125,2906.45361328125,0.0,2906.45361328125,0.0,2906.45361328125,0.0,2906.45361328125,0.0,0.0
baseline,scenario_001,VA,0,1,JOINT,False,False,0.0,0.0,0.0,0.0,0.0,0.0,0.0,0.0,0.0,0.0,0.0,0.0
baseline,scenario_002,WA,0,1,JOINT,False,False,0.0,0.0,0.0,0.0,0.0,0.0,0.0,0.0,0.0,0.0,0.0,0.0
baseline,scenario_003,TX,0,1,JOINT,False,True,151090.25,3760.0,21836.654296875,22663.85546875,564.0,22400.654296875,0.0,22400.654296875,0.0,22400.654296875,0.0,0.0
baseline,scenario_004,NY,0,1,JOINT,False,False,0.0,0.0,0.0,0.0,0.0,0.0,0.0,0.0,0.0,0.0,0.0,0.0
baseline,scenario_005,CA,0,1,JOINT,False,True,509806.25,77920.0,91115.6015625,116050.0,11688.0,102803.6015625,0.0,102803.6015625,0.0,108525.578125,0.0,0.0
baseline,scenario_007,ID,0,1,SINGLE,False,False,32964.125,0.0,3707.695068359375,3707.695068359375,0.0,3707.695068359375,0.0,3707.695068359375,0.0,3707.695068359375,0.0,0.0
baseline,scenario_008,NJ,0,1,JOINT,False,False,0.0,0.0,0.0,0.0,0.0,0.0,0.0,0.0,0.0,0.0,12433.611328125,0.0
baseline,scenario_009,NC,0,1,JOINT,False,False,73700.0,0.0,8348.0,8348.0,0.0,8348.0,0.0,8348.0,0.0,8348.0,0.0,0.0
baseline,scenario_012,MS,0,1,JOINT,False,False,0.0,0.0,0.0,0.0,0.0,0.0,0.0,0.0,0.0,0.0,6127.0,0.0
baseline,scenario_013,AZ,0,1,SINGLE,False,True,0.0,72.0,0.0,0.0,0.0,0.0,0.0,0.0,0.0,0.0,0.0,0.0
baseline,scenario_014,WV,0,1,JOINT,False,False,56727.6484375,0.0,6311.31787109375,6311.31787109375,0.0,6311.31787109375,0.0,6311.31787109375,0.0,6311.31787109375,0.0,0.0
baseline,scenario_015,IN,0,1,SINGLE,False,False,26809.3828125,0.0,2969.1259765625,2969.1259765625,0.0,2969.1259765625,0.0,2969.1259765625,0.0,2969.1259765625,0.0,0.0
baseline,scenario_016,FL,0,1,SINGLE,True,False,0.0,0.0,0.0,0.0,0.0,0.0,0.0,0.0,0.0,0.0,0.0,0.0
baseline,scenario_018,AZ,0,1,SINGLE,False,False,45492.08984375,0.0,5211.05078125,5211.05078125,0.0,5211.05078125,0.0,5211.05078125,0.0,5211.05078125,0.0,0.0
baseline,scenario_020,TX,0,1,SINGLE,False,True,283854.1875,30.59375,68107.5078125,68118.21875,4.588235378265381,68112.09375,0.0,68112.09375,0.0,68334.734375,0.0,0.0
baseline,scenario_021,MO,0,1,SINGLE,False,False,0.0,0.0,0.0,0.0,0.0,0.0,0.0,0.0,0.0,0.0,0.0,0.0
baseline,scenario_022,CA,0,1,SINGLE,True,False,74552.59375,0.0,11113.5703125,11113.5703125,0.0,11113.5703125,0.0,11113.5703125,0.0,11113.5703125,0.0,0.0
baseline,scenario_023,CA,0,1,SINGLE,False,False,6434.3359375,0.0,643.43359375,643.43359375,0.0,643.43359375,0.0,643.43359375,0.0,643.43359375,0.0,0.0
baseline,scenario_025,OH,0,1,JOINT,False,False,62725.296875,0.0,7031.03564453125,7031.03564453125,0.0,7031.03564453125,0.0,7031.03564453125,0.0,7031.03564453125,0.0,0.0
baseline,scenario_026,NC,0,1,JOINT,False,False,42354.2578125,0.0,4586.5107421875,4586.5107421875,0.0,4586.5107421875,0.0,4586.5107421875,4586.5107421875,0.0,2013.4892578125,0.0
baseline,scenario_027,CT,0,1,JOINT,False,False,0.0,0.0,0.0,0.0,0.0,0.0,0.0,0.0,0.0,0.0,0.0,0.0
baseline,scenario_028,PA,0,1,HEAD_OF_HOUSEHOLD,False,False,35860.0,0.0,3949.199951171875,3949.199951171875,0.0,3949.199951171875,0.0,3949.199951171875,3949.199951171875,0.0,3274.927978515625,0.0
baseline,scenario_029,OK,0,1,SINGLE,False,False,0.0,0.0,0.0,0.0,0.0,0.0,0.0,0.0,0.0,0.0,0.0,0.0
baseline,scenario_030,TX,0,1,SINGLE,False,False,0.0,0.0,0.0,0.0,0.0,0.0,0.0,0.0,0.0,0.0,0.0,0.0
baseline,scenario_031,CA,0,1,SINGLE,False,False,0.0,0.0,0.0,0.0,0.0,0.0,0.0,0.0,0.0,0.0,0.0,0.0
baseline,scenario_032,MN,0,1,JOINT,False,False,0.0,0.0,0.0,0.0,0.0,0.0,0.0,0.0,0.0,0.0,6127.0,0.0
baseline,scenario_033,SD,0,1,JOINT,False,False,35951.234375,0.0,3818.148193359375,3818.148193359375,0.0,3818.148193359375,0.0,3818.148193359375,0.0,3818.148193359375,0.0,0.0
baseline,scenario_036,NJ,0,1,SINGLE,False,False,43120.0,0.0,4926.39990234375,4926.39990234375,0.0,4926.39990234375,0.0,4926.39990234375,0.0,4926.39990234375,0.0,0.0
baseline,scenario_037,NC,0,1,SINGLE,False,False,15810.427734375,0.0,1649.2513427734375,1649.2513427734375,0.0,1649.2513427734375,0.0,1649.2513427734375,0.0,1649.2513427734375,0.0,0.0
baseline,scenario_038,LA,0,1,JOINT,False,False,0.0,0.0,0.0,0.0,0.0,0.0,0.0,0.0,0.0,0.0,10225.353515625,0.0
baseline,scenario_039,VA,0,1,SINGLE,False,False,63109.21875,0.0,8596.0283203125,8596.0283203125,0.0,8596.0283203125,0.0,8596.0283203125,0.0,8596.0283203125,0.0,0.0
baseline,scenario_040,AZ,0,1,JOINT,False,False,0.0,0.0,0.0,0.0,0.0,0.0,0.0,0.0,0.0,0.0,0.0,0.0
baseline,scenario_042,WI,0,1,SINGLE,False,True,26430.70703125,4681.0,2361.96484375,2923.684814453125,0.0,2361.96484375,0.0,2361.96484375,0.0,2361.96484375,0.0,0.0
baseline,scenario_043,CO,0,1,SINGLE,False,False,0.0,0.0,0.0,0.0,0.0,0.0,0.0,0.0,0.0,0.0,0.0,0.0
baseline,scenario_044,KS,0,1,JOINT,False,False,0.0,0.0,0.0,0.0,0.0,0.0,0.0,0.0,0.0,0.0,0.0,0.0
baseline,scenario_045,MI,0,1,SINGLE,False,False,20175.58984375,0.0,2173.07080078125,2173.07080078125,0.0,2173.07080078125,0.0,2173.07080078125,0.0,2173.07080078125,0.0,0.0
baseline,scenario_046,OK,0,1,JOINT,False,False,44964.2890625,0.0,4899.71484375,4899.71484375,0.0,4899.71484375,0.0,4899.71484375,4400.0,499.71484375,0.0,0.0
baseline,scenario_048,OH,0,1,SINGLE,False,False,0.0,0.0,0.0,0.0,0.0,0.0,0.0,0.0,0.0,0.0,0.0,0.0
baseline,scenario_049,NH,0,1,JOINT,False,True,189605.234375,6208.0,29771.390625,31137.15234375,931.2000122070312,30702.58984375,0.0,30702.58984375,0.0,30702.58984375,0.0,0.0
baseline,scenario_051,LA,0,1,SINGLE,False,True,24080.0,180.0,2620.0,2641.60009765625,0.0,2620.0,0.0,2620.0,0.0,2620.0,0.0,0.0
baseline,scenario_052,TX,0,1,JOINT,False,True,472621.84375,848.0,103879.6328125,104150.9921875,127.19999694824219,104006.8359375,0.0,104006.8359375,0.0,104225.2578125,0.0,0.0
baseline,scenario_053,ID,0,1,SINGLE,False,False,50868.6796875,0.0,5903.109375,5903.109375,0.0,5903.109375,0.0,5903.109375,0.0,5903.109375,0.0,0.0
baseline,scenario_054,NC,0,1,HEAD_OF_HOUSEHOLD,False,False,0.0,0.0,0.0,0.0,0.0,0.0,0.0,0.0,0.0,0.0,8365.55859375,0.0
baseline,scenario_055,FL,0,1,SINGLE,False,False,136002.40625,0.0,25238.578125,25238.578125,0.0,25238.578125,0.0,25238.578125,0.0,25238.578125,0.0,0.0
baseline,scenario_056,NJ,0,1,SINGLE,False,False,0.0,0.0,0.0,0.0,0.0,0.0,0.0,0.0,0.0,0.0,0.0,0.0
baseline,scenario_057,LA,0,1,JOINT,False,False,0.0,0.0,0.0,0.0,0.0,0.0,0.0,0.0,0.0,0.0,664.0,0.0
baseline,scenario_059,FL,0,1,JOINT,False,False,0.0,0.0,0.0,0.0,0.0,0.0,0.0,0.0,0.0,0.0,0.0,0.0
baseline,scenario_060,TX,0,1,SINGLE,False,False,0.0,0.0,0.0,0.0,0.0,0.0,0.0,0.0,0.0,0.0,0.0,0.0
baseline,scenario_062,FL,0,1,SINGLE,False,False,0.0,0.0,0.0,0.0,0.0,0.0,0.0,0.0,0.0,0.0,0.0,0.0
baseline,scenario_064,WI,0,1,JOINT,False,False,67812.125,0.0,7641.455078125,7641.455078125,0.0,7641.455078125,0.0,7641.455078125,3200.0,4441.455078125,0.0,0.0
baseline,scenario_066,VA,0,1,SINGLE,False,False,0.0,0.0,0.0,0.0,0.0,0.0,0.0,0.0,0.0,0.0,39.779998779296875,0.0
baseline,scenario_067,IN,0,1,JOINT,False,False,55102.0,0.0,6116.240234375,6116.240234375,0.0,6116.240234375,0.0,6116.240234375,500.0,5616.240234375,0.0,0.0
baseline,scenario_068,MD,0,1,SINGLE,False,False,17983.53125,0.0,1910.0238037109375,1910.0238037109375,0.0,1910.0238037109375,0.0,1910.0238037109375,0.0,1910.0238037109375,0.0,0.0
baseline,scenario_070,IL,0,1,SINGLE,False,False,20169.671875,0.0,2172.360595703125,2172.360595703125,0.0,2172.360595703125,0.0,2172.360595703125,192.39999389648438,1979.9605712890625,0.0,0.0
baseline,scenario_071,NY,0,1,SINGLE,False,False,0.0,0.0,0.0,0.0,0.0,0.0,0.0,0.0,0.0,0.0,0.0,0.0
baseline,scenario_072,MI,0,1,JOINT,True,True,0.0,146.8235321044922,0.0,0.0,0.0,0.0,0.0,0.0,0.0,0.0,0.0,0.0
baseline,scenario_073,MI,0,1,SINGLE,False,False,0.0,0.0,0.0,0.0,0.0,0.0,0.0,0.0,0.0,0.0,0.0,0.0
baseline,scenario_074,LA,0,1,SINGLE,False,False,0.0,0.0,0.0,0.0,0.0,0.0,0.0,0.0,0.0,0.0,0.0,0.0
baseline,scenario_075,FL,0,1,SINGLE,False,True,93186.1328125,6225.765625,13843.28125,15212.94921875,933.8646850585938,14777.1455078125,0.0,14777.1455078125,0.0,14777.1455078125,0.0,0.0
baseline,scenario_076,ID,0,1,HEAD_OF_HOUSEHOLD,False,False,139270.0,0.0,24211.80078125,24211.80078125,0.0,24211.80078125,0.0,24211.80078125,4600.0,19611.80078125,0.0,0.0
baseline,scenario_077,LA,0,1,SINGLE,False,False,6906.17578125,0.0,690.6175537109375,690.6175537109375,0.0,690.6175537109375,0.0,690.6175537109375,0.0,690.6175537109375,0.0,0.0
baseline,scenario_078,MD,0,1,SINGLE,True,False,131526.90625,0.0,24164.45703125,24164.45703125,0.0,24164.45703125,0.0,24164.45703125,0.0,24164.45703125,0.0,0.0
baseline,scenario_079,AZ,0,1,JOINT,False,False,0.0,0.0,0.0,0.0,0.0,0.0,0.0,0.0,0.0,0.0,0.0,0.0
baseline,scenario_080,PA,0,1,SINGLE,False,True,0.0,940.0,0.0,0.0,0.0,0.0,0.0,0.0,0.0,0.0,0.0,0.0
baseline,scenario_081,MA,0,1,SINGLE,True,False,143059.46875,0.0,26932.2734375,26932.2734375,0.0,26932.2734375,0.0,26932.2734375,0.0,26932.2734375,0.0,0.0
baseline,scenario_082,NY,0,1,HEAD_OF_HOUSEHOLD,False,True,92811.125,13424.0,10366.16796875,13319.447265625,2013.5999755859375,12379.767578125,0.0,12379.767578125,2800.0,9579.767578125,0.0,0.0
baseline,scenario_083,TX,0,1,SINGLE,False,False,0.0,0.0,0.0,0.0,0.0,0.0,0.0,0.0,0.0,0.0,0.0,0.0
baseline,scenario_084,NC,0,1,SINGLE,False,False,0.0,0.0,0.0,0.0,0.0,0.0,0.0,0.0,0.0,0.0,0.0,0.0
baseline,scenario_085,PA,0,1,SINGLE,False,False,21423.73828125,0.0,2322.8486328125,2322.8486328125,0.0,2322.8486328125,0.0,2322.8486328125,0.0,2322.8486328125,0.0,0.0
baseline,scenario_086,GA,0,1,HEAD_OF_HOUSEHOLD,False,False,48412.8984375,0.0,5455.5478515625,5455.5478515625,0.0,5455.5478515625,0.0,5455.5478515625,2200.0,3255.5478515625,0.0,0.0
baseline,scenario_088,TX,0,1,SINGLE,True,True,0.0,48.0,0.0,0.0,0.0,0.0,0.0,0.0,0.0,0.0,0.0,0.0
baseline,scenario_089,NC,0,1,JOINT,False,False,60964.265625,0.0,6819.7119140625,6819.7119140625,0.0,6819.7119140625,0.0,6819.7119140625,0.0,6819.7119140625,0.0,0.0
baseline,scenario_090,KS,0,1,SINGLE,False,False,0.0,0.0,0.0,0.0,0.0,0.0,0.0,0.0,0.0,0.0,0.0,0.0
baseline,scenario_091,WI,0,1,SINGLE,False,True,19454.65625,5138.0,1469.998779296875,2086.558837890625,0.0,1469.998779296875,0.0,1469.998779296875,120.0,1349.998779296875,0.0,0.0
baseline,scenario_092,AL,0,1,SINGLE,False,False,0.0,0.0,0.0,0.0,0.0,0.0,0.0,0.0,0.0,0.0,0.0,0.0
baseline,scenario_093,MO,0,1,JOINT,False,False,80208.25,0.0,9128.990234375,9128.990234375,0.0,9128.990234375,0.0,9128.990234375,500.0,8628.990234375,0.0,0.0
baseline,scenario_095,NJ,0,1,SINGLE,False,False,0.0,0.0,0.0,0.0,0.0,0.0,0.0,0.0,0.0,0.0,0.0,0.0
baseline,scenario_098,IL,0,1,SINGLE,False,False,0.0,0.0,0.0,0.0,0.0,0.0,0.0,0.0,0.0,0.0,0.0,0.0
baseline,scenario_099,CA,0,1,JOINT,False,True,125529.296875,128.0,17012.28515625,17040.4453125,19.200000762939453,17031.484375,0.0,17031.484375,6320.0,10711.484375,0.0,0.0
baseline,scenario_100,MT,0,1,HEAD_OF_HOUSEHOLD,False,False,0.0,0.0,0.0,0.0,0.0,0.0,0.0,0.0,0.0,0.0,2878.0966796875,0.0
baseline,scenario_101,TX,0,1,SINGLE,False,False,85030.0,0.0,13418.599609375,13418.599609375,0.0,13418.599609375,0.0,13418.599609375,0.0,13418.599609375,0.0,0.0
baseline,scenario_102,NC,0,1,JOINT,False,False,55000.80078125,0.0,6104.09619140625,6104.09619140625,0.0,6104.09619140625,0.0,6104.09619140625,0.0,6104.09619140625,0.0,0.0
baseline,scenario_104,NY,0,1,SINGLE,False,False,0.0,0.0,0.0,0.0,0.0,0.0,0.0,0.0,0.0,0.0,0.0,0.0
baseline,scenario_107,OH,0,1,SINGLE,False,False,0.0,0.0,0.0,0.0,0.0,0.0,0.0,0.0,0.0,0.0,0.0,0.0
baseline,scenario_108,WI,0,1,SINGLE,False,False,0.0,0.0,0.0,0.0,0.0,0.0,0.0,0.0,0.0,0.0,0.0,0.0
baseline,scenario_109,FL,0,1,JOINT,False,False,0.0,0.0,0.0,0.0,0.0,0.0,0.0,0.0,0.0,0.0,12038.0859375,0.0
baseline,scenario_110,OH,0,1,SINGLE,False,True,153455.46875,40883.765625,19615.208984375,29427.3125,6132.56494140625,25747.7734375,0.0,25747.7734375,0.0,25747.7734375,0.0,0.0
baseline,scenario_111,WA,0,1,JOINT,False,False,0.0,0.0,0.0,0.0,0.0,0.0,0.0,0.0,0.0,0.0,0.0,0.0
baseline,scenario_112,TX,0,1,SINGLE,False,False,0.0,0.0,0.0,0.0,0.0,0.0,0.0,0.0,0.0,0.0,453.09600830078125,0.0
baseline,scenario_114,VA,0,1,SINGLE,True,False,72807.328125,0.0,10729.6123046875,10729.6123046875,0.0,10729.6123046875,0.0,10729.6123046875,0.0,10729.6123046875,0.0,0.0
baseline,scenario_115,AL,0,1,SINGLE,False,False,0.0,0.0,0.0,0.0,0.0,0.0,0.0,0.0,0.0,0.0,0.0,0.0
baseline,scenario_116,FL,0,1,JOINT,False,False,0.0,0.0,0.0,0.0,0.0,0.0,0.0,0.0,0.0,0.0,0.0,0.0
baseline,scenario_117,AR,0,1,JOINT,False,False,191533.359375,0.0,31561.33984375,31561.33984375,0.0,31561.33984375,0.0,31561.33984375,6600.0,24961.33984375,0.0,0.0
baseline,scenario_118,NY,0,1,SINGLE,False,False,0.0,0.0,0.0,0.0,0.0,0.0,0.0,0.0,0.0,0.0,0.0,0.0
baseline,scenario_119,VA,0,1,HEAD_OF_HOUSEHOLD,False,False,28418.54296875,0.0,3056.22509765625,3056.22509765625,0.0,3056.22509765625,0.0,3056.22509765625,3056.22509765625,0.0,2854.0087890625,0.0
baseline,scenario_120,CT,0,1,SINGLE,True,False,198590.734375,0.0,40259.77734375,40259.77734375,0.0,40259.77734375,0.0,40259.77734375,0.0,40423.17578125,0.0,0.0
baseline,scenario_121,SC,0,1,SINGLE,True,False,0.0,0.0,0.0,0.0,0.0,0.0,0.0,0.0,0.0,0.0,0.0,0.0
baseline,scenario_122,MN,0,1,SINGLE,False,True,43446.1796875,1824.0,4746.66162109375,4965.54150390625,0.0,4746.66162109375,0.0,4746.66162109375,0.0,4746.66162109375,0.0,0.0
baseline,scenario_123,PA,0,1,JOINT,False,False,65802.0,0.0,7400.240234375,7400.240234375,0.0,7400.240234375,0.0,7400.240234375,2200.0,5200.240234375,0.0,0.0
table,scenario_000,TX,0,1,SINGLE,False,False,26287.11328125,0.0,2905.0,2905.0,0.0,2905.0,0.0,2905.0,0.0,2905.0,0.0,0.0
table,scenario_001,VA,0,1,JOINT,False,False,0.0,0.0,0.0,0.0,0.0,0.0,0.0,0.0,0.0,0.0,0.0,0.0
table,scenario_002,WA,0,1,JOINT,False,False,0.0,0.0,0.0,0.0,0.0,0.0,0.0,0.0,0.0,0.0,0.0,0.0
table,scenario_003,TX,0,1,JOINT,False,True,151090.25,3760.0,21836.654296875,22663.85546875,564.0,22400.654296875,0.0,22400.654296875,0.0,22400.654296875,0.0,0.0
table,scenario_004,NY,0,1,JOINT,False,False,0.0,0.0,0.0,0.0,0.0,0.0,0.0,0.0,0.0,0.0,0.0,0.0
table,scenario_005,CA,0,1,JOINT,False,True,509806.25,77920.0,91115.6015625,116050.0,11688.0,102803.6015625,0.0,102803.6015625,0.0,108525.578125,0.0,0.0
table,scenario_007,ID,0,1,SINGLE,False,False,32964.125,0.0,3709.0,3709.0,0.0,3709.0,0.0,3709.0,0.0,3709.0,0.0,0.0
table,scenario_008,NJ,0,1,JOINT,False,False,0.0,0.0,0.0,0.0,0.0,0.0,0.0,0.0,0.0,0.0,12433.611328125,0.0
table,scenario_009,NC,0,1,JOINT,False,False,73700.0,0.0,8351.0,8351.0,0.0,8351.0,0.0,8351.0,0.0,8351.0,0.0,0.0
table,scenario_012,MS,0,1,JOINT,False,False,0.0,0.0,0.0,0.0,0.0,0.0,0.0,0.0,0.0,0.0,6127.0,0.0
table,scenario_013,AZ,0,1,SINGLE,False,True,0.0,72.0,0.0,0.0,0.0,0.0,0.0,0.0,0.0,0.0,0.0,0.0
table,scenario_014,WV,0,1,JOINT,False,False,56727.6484375,0.0,6311.0,6311.0,0.0,6311.0,0.0,6311.0,0.0,6311.0,0.0,0.0
table,scenario_015,IN,0,1,SINGLE,False,False,26809.3828125,0.0,2971.0,2971.0,0.0,2971.0,0.0,2971.0,0.0,2971.0,0.0,0.0
table,scenario_016,FL,0,1,SINGLE,True,False,0.0,0.0,0.0,0.0,0.0,0.0,0.0,0.0,0.0,0.0,0.0,0.0
table,scenario_018,AZ,0,1,SINGLE,False,False,45492.08984375,0.0,5209.0,5209.0,0.0,5209.0,0.0,5209.0,0.0,5209.0,0.0,0.0
table,scenario_020,TX,0,1,SINGLE,False,True,283854.1875,30.59375,68107.5078125,68118.21875,4.588235378265381,68112.09375,0.0,68112.09375,0.0,68334.734375,0.0,0.0
table,scenario_021,MO,0,1,SINGLE,False,False,0.0,0.0,0.0,0.0,0.0,0.0,0.0,0.0,0.0,0.0,0.0,0.0
table,scenario_022,CA,0,1,SINGLE,True,False,74552.59375,0.0,11119.0,11119.0,0.0,11119.0,0.0,11119.0,0.0,11119.0,0.0,0.0
table,scenario_023,CA,0,1,SINGLE,False,False,6434.3359375,0.0,643.0,643.0,0.0,643.0,0.0,643.0,0.0,643.0,0.0,0.0
table,scenario_025,OH,0,1,JOINT,False,False,62725.296875,0.0,7031.0,7031.0,0.0,7031.0,0.0,7031.0,0.0,7031.0,0.0,0.0
table,scenario_026,NC,0,1,JOINT,False,False,42354.2578125,0.0,4589.0,4589.0,0.0,4589.0,0.0,4589.0,4589.0,0.0,2011.0,0.0
table,scenario_027,CT,0,1,JOINT,False,False,0.0,0.0,0.0,0.0,0.0,0.0,0.0,0.0,0.0,0.0,0.0,0.0
table,scenario_028,PA,0,1,HEAD_OF_HOUSEHOLD,False,False,35860.0,0.0,3951.0,3951.0,0.0,3951.0,0.0,3951.0,3951.0,0.0,3273.1279296875,0.0
table,scenario_029,OK,0,1,SINGLE,False,False,0.0,0.0,0.0,0.0,0.0,0.0,0.0,0.0,0.0,0.0,0.0,0.0
table,scenario_030,TX,0,1,SINGLE,False,False,0.0,0.0,0.0,0.0,0.0,0.0,0.0,0.0,0.0,0.0,0.0,0.0
table,scenario_031,CA,0,1,SINGLE,False,False,0.0,0.0,0.0,0.0,0.0,0.0,0.0,0.0,0.0,0.0,0.0,0.0
table,scenario_032,MN,0,1,JOINT,False,False,0.0,0.0,0.0,0.0,0.0,0.0,0.0,0.0,0.0,0.0,6127.0,0.0
table,scenario_033,SD,0,1,JOINT,False,False,35951.234375,0.0,3821.0,3821.0,0.0,3821.0,0.0,3821.0,0.0,3821.0,0.0,0.0
table,scenario_036,NJ,0,1,SINGLE,False,False,43120.0,0.0,4927.0,4927.0,0.0,4927.0,0.0,4927.0,0.0,4927.0,0.0,0.0
table,scenario_037,NC,0,1,SINGLE,False,False,15810.427734375,0.0,1651.0,1651.0,0.0,1651.0,0.0,1651.0,0.0,1651.0,0.0,0.0
table,scenario_038,LA,0,1,JOINT,False,False,0.0,0.0,0.0,0.0,0.0,0.0,0.0,0.0,0.0,0.0,10225.353515625,0.0
table,scenario_039,VA,0,1,SINGLE,False,False,63109.21875,0.0,8600.0,8600.0,0.0,8600.0,0.0,8600.0,0.0,8600.0,0.0,0.0
table,scenario_040,AZ,0,1,JOINT,False,False,0.0,0.0,0.0,0.0,0.0,0.0,0.0,0.0,0.0,0.0,0.0,0.0
table,scenario_042,WI,0,1,SINGLE,False,True,26430.70703125,4681.0,2359.0,2923.0,0.0,2359.0,0.0,2359.0,0.0,2359.0,0.0,0.0
table,scenario_043,CO,0,1,SINGLE,False,False,0.0,0.0,0.0,0.0,0.0,0.0,0.0,0.0,0.0,0.0,0.0,0.0
table,scenario_044,KS,0,1,JOINT,False,False,0.0,0.0,0.0,0.0,0.0,0.0,0.0,0.0,0.0,0.0,0.0,0.0
table,scenario_045,MI,0,1,SINGLE,False,False,20175.58984375,0.0,2173.0,2173.0,0.0,2173.0,0.0,2173.0,0.0,2173.0,0.0,0.0
table,scenario_046,OK,0,1,JOINT,False,False,44964.2890625,0.0,4901.0,4901.0,0.0,4901.0,0.0,4901.0,4400.0,501.0,0.0,0.0
table,scenario_048,OH,0,1,SINGLE,False,False,0.0,0.0,0.0,0.0,0.0,0.0,0.0,0.0,0.0,0.0,0.0,0.0
table,scenario_049,NH,0,1,JOINT,False,True,189605.234375,6208.0,29771.390625,31137.15234375,931.2000122070312,30702.58984375,0.0,30702.58984375,0.0,30702.58984375,0.0,0.0
table,scenario_051,LA,0,1,SINGLE,False,True,24080.0,180.0,2623.0,2641.0,0.0,2623.0,0.0,2623.0,0.0,2623.0,0.0,0.0
table,scenario_052,TX,0,1,JOINT,False,True,472621.84375,848.0,103879.6328125,104150.9921875,127.19999694824219,104006.8359375,0.0,104006.8359375,0.0,104225.2578125,0.0,0.0
table,scenario_053,ID,0,1,SINGLE,False,False,50868.6796875,0.0,5905.0,5905.0,0.0,5905.0,0.0,5905.0,0.0,5905.0,0.0,0.0
table,scenario_054,NC,0,1,HEAD_OF_HOUSEHOLD,False,False,0.0,0.0,0.0,0.0,0.0,0.0,0.0,0.0,0.0,0.0,8365.55859375,0.0
table,scenario_055,FL,0,1,SINGLE,False,False,136002.40625,0.0,25238.578125,25238.578125,0.0,25238.578125,0.0,25238.578125,0.0,25238.578125,0.0,0.0
table,scenario_056,NJ,0,1,SINGLE,False,False,0.0,0.0,0.0,0.0,0.0,0.0,0.0,0.0,0.0,0.0,0.0,0.0
table,scenario_057,LA,0,1,JOINT,False,False,0.0,0.0,0.0,0.0,0.0,0.0,0.0,0.0,0.0,0.0,664.0,0.0
table,scenario_059,FL,0,1,JOINT,False,False,0.0,0.0,0.0,0.0,0.0,0.0,0.0,0.0,0.0,0.0,0.0,0.0
table,scenario_060,TX,0,1,SINGLE,False,False,0.0,0.0,0.0,0.0,0.0,0.0,0.0,0.0,0.0,0.0,0.0,0.0
table,scenario_062,FL,0,1,SINGLE,False,False,0.0,0.0,0.0,0.0,0.0,0.0,0.0,0.0,0.0,0.0,0.0,0.0
table,scenario_064,WI,0,1,JOINT,False,False,67812.125,0.0,7643.0,7643.0,0.0,7643.0,0.0,7643.0,3200.0,4443.0,0.0,0.0
table,scenario_066,VA,0,1,SINGLE,False,False,0.0,0.0,0.0,0.0,0.0,0.0,0.0,0.0,0.0,0.0,39.779998779296875,0.0
table,scenario_067,IN,0,1,JOINT,False,False,55102.0,0.0,6119.0,6119.0,0.0,6119.0,0.0,6119.0,500.0,5619.0,0.0,0.0
table,scenario_068,MD,0,1,SINGLE,False,False,17983.53125,0.0,1909.0,1909.0,0.0,1909.0,0.0,1909.0,0.0,1909.0,0.0,0.0
table,scenario_070,IL,0,1,SINGLE,False,False,20169.671875,0.0,2173.0,2173.0,0.0,2173.0,0.0,2173.0,192.39999389648438,1980.5999755859375,0.0,0.0
table,scenario_071,NY,0,1,SINGLE,False,False,0.0,0.0,0.0,0.0,0.0,0.0,0.0,0.0,0.0,0.0,0.0,0.0
table,scenario_072,MI,0,1,JOINT,True,True,0.0,146.8235321044922,0.0,0.0,0.0,0.0,0.0,0.0,0.0,0.0,0.0,0.0
table,scenario_073,MI,0,1,SINGLE,False,False,0.0,0.0,0.0,0.0,0.0,0.0,0.0,0.0,0.0,0.0,0.0,0.0
table,scenario_074,LA,0,1,SINGLE,False,False,0.0,0.0,0.0,0.0,0.0,0.0,0.0,0.0,0.0,0.0,0.0,0.0
table,scenario_075,FL,0,1,SINGLE,False,True,93186.1328125,6225.765625,13847.0,15211.0,933.8646850585938,14780.8642578125,0.0,14780.8642578125,0.0,14780.8642578125,0.0,0.0
table,scenario_076,ID,0,1,HEAD_OF_HOUSEHOLD,False,False,139270.0,0.0,24211.80078125,24211.80078125,0.0,24211.80078125,0.0,24211.80078125,4600.0,19611.80078125,0.0,0.0
table,scenario_077,LA,0,1,SINGLE,False,False,6906.17578125,0.0,693.0,693.0,0.0,693.0,0.0,693.0,0.0,693.0,0.0,0.0
table,scenario_078,MD,0,1,SINGLE,True,False,131526.90625,0.0,24164.45703125,24164.45703125,0.0,24164.45703125,0.0,24164.45703125,0.0,24164.45703125,0.0,0.0
table,scenario_079,AZ,0,1,JOINT,False,False,0.0,0.0,0.0,0.0,0.0,0.0,0.0,0.0,0.0,0.0,0.0,0.0
table,scenario_080,PA,0,1,SINGLE,False,True,0.0,940.0,0.0,0.0,0.0,0.0,0.0,0.0,0.0,0.0,0.0,0.0
table,scenario_081,MA,0,1,SINGLE,True,False,143059.46875,0.0,26932.2734375,26932.2734375,0.0,26932.2734375,0.0,26932.2734375,0.0,26932.2734375,0.0,0.0
table,scenario_082,NY,0,1,HEAD_OF_HOUSEHOLD,False,True,92811.125,13424.0,10364.0,13323.0,2013.5999755859375,12377.599609375,0.0,12377.599609375,2800.0,9577.599609375,0.0,0.0
table,scenario_083,TX,0,1,SINGLE,False,False,0.0,0.0,0.0,0.0,0.0,0.0,0.0,0.0,0.0,0.0,0.0,0.0
table,scenario_084,NC,0,1,SINGLE,False,False,0.0,0.0,0.0,0.0,0.0,0.0,0.0,0.0,0.0,0.0,0.0,0.0
table,scenario_085,PA,0,1,SINGLE,False,False,21423.73828125,0.0,2323.0,2323.0,0.0,2323.0,0.0,2323.0,0.0,2323.0,0.0,0.0
table,scenario_086,GA,0,1,HEAD_OF_HOUSEHOLD,False,False,48412.8984375,0.0,5457.0,5457.0,0.0,5457.0,0.0,5457.0,2200.0,3257.0,0.0,0.0
table,scenario_088,TX,0,1,SINGLE,True,True,0.0,48.0,0.0,0.0,0.0,0.0,0.0,0.0,0.0,0.0,0.0,0.0
table,scenario_089,NC,0,1,JOINT,False,False,60964.265625,0.0,6821.0,6821.0,0.0,6821.0,0.0,6821.0,0.0,6821.0,0.0,0.0
table,scenario_090,KS,0,1,SINGLE,False,False,0.0,0.0,0.0,0.0,0.0,0.0,0.0,0.0,0.0,0.0,0.0,0.0
table,scenario_091,WI,0,1,SINGLE,False,True,19454.65625,5138.0,1471.0,2089.0,0.0,1471.0,0.0,1471.0,120.0,1351.0,0.0,0.0
table,scenario_092,AL,0,1,SINGLE,False,False,0.0,0.0,0.0,0.0,0.0,0.0,0.0,0.0,0.0,0.0,0.0,0.0
table,scenario_093,MO,0,1,JOINT,False,False,80208.25,0.0,9131.0,9131.0,0.0,9131.0,0.0,9131.0,500.0,8631.0,0.0,0.0
table,scenario_095,NJ,0,1,SINGLE,False,False,0.0,0.0,0.0,0.0,0.0,0.0,0.0,0.0,0.0,0.0,0.0,0.0
table,scenario_098,IL,0,1,SINGLE,False,False,0.0,0.0,0.0,0.0,0.0,0.0,0.0,0.0,0.0,0.0,0.0,0.0
table,scenario_099,CA,0,1,JOINT,False,True,125529.296875,128.0,17012.28515625,17040.4453125,19.200000762939453,17031.484375,0.0,17031.484375,6320.0,10711.484375,0.0,0.0
table,scenario_100,MT,0,1,HEAD_OF_HOUSEHOLD,False,False,0.0,0.0,0.0,0.0,0.0,0.0,0.0,0.0,0.0,0.0,2878.0966796875,0.0
table,scenario_101,TX,0,1,SINGLE,False,False,85030.0,0.0,13418.0,13418.0,0.0,13418.0,0.0,13418.0,0.0,13418.0,0.0,0.0
table,scenario_102,NC,0,1,JOINT,False,False,55000.80078125,0.0,6107.0,6107.0,0.0,6107.0,0.0,6107.0,0.0,6107.0,0.0,0.0
table,scenario_104,NY,0,1,SINGLE,False,False,0.0,0.0,0.0,0.0,0.0,0.0,0.0,0.0,0.0,0.0,0.0,0.0
table,scenario_107,OH,0,1,SINGLE,False,False,0.0,0.0,0.0,0.0,0.0,0.0,0.0,0.0,0.0,0.0,0.0,0.0
table,scenario_108,WI,0,1,SINGLE,False,False,0.0,0.0,0.0,0.0,0.0,0.0,0.0,0.0,0.0,0.0,0.0,0.0
table,scenario_109,FL,0,1,JOINT,False,False,0.0,0.0,0.0,0.0,0.0,0.0,0.0,0.0,0.0,0.0,12038.0859375,0.0
table,scenario_110,OH,0,1,SINGLE,False,True,153455.46875,40883.765625,19615.208984375,29427.3125,6132.56494140625,25747.7734375,0.0,25747.7734375,0.0,25747.7734375,0.0,0.0
table,scenario_111,WA,0,1,JOINT,False,False,0.0,0.0,0.0,0.0,0.0,0.0,0.0,0.0,0.0,0.0,0.0,0.0
table,scenario_112,TX,0,1,SINGLE,False,False,0.0,0.0,0.0,0.0,0.0,0.0,0.0,0.0,0.0,0.0,453.09600830078125,0.0
table,scenario_114,VA,0,1,SINGLE,True,False,72807.328125,0.0,10734.0,10734.0,0.0,10734.0,0.0,10734.0,0.0,10734.0,0.0,0.0
table,scenario_115,AL,0,1,SINGLE,False,False,0.0,0.0,0.0,0.0,0.0,0.0,0.0,0.0,0.0,0.0,0.0,0.0
table,scenario_116,FL,0,1,JOINT,False,False,0.0,0.0,0.0,0.0,0.0,0.0,0.0,0.0,0.0,0.0,0.0,0.0
table,scenario_117,AR,0,1,JOINT,False,False,191533.359375,0.0,31561.33984375,31561.33984375,0.0,31561.33984375,0.0,31561.33984375,6600.0,24961.33984375,0.0,0.0
table,scenario_118,NY,0,1,SINGLE,False,False,0.0,0.0,0.0,0.0,0.0,0.0,0.0,0.0,0.0,0.0,0.0,0.0
table,scenario_119,VA,0,1,HEAD_OF_HOUSEHOLD,False,False,28418.54296875,0.0,3057.0,3057.0,0.0,3057.0,0.0,3057.0,3057.0,0.0,2853.23388671875,0.0
table,scenario_120,CT,0,1,SINGLE,True,False,198590.734375,0.0,40259.77734375,40259.77734375,0.0,40259.77734375,0.0,40259.77734375,0.0,40423.17578125,0.0,0.0
table,scenario_121,SC,0,1,SINGLE,True,False,0.0,0.0,0.0,0.0,0.0,0.0,0.0,0.0,0.0,0.0,0.0,0.0
table,scenario_122,MN,0,1,SINGLE,False,True,43446.1796875,1824.0,4747.0,4963.0,0.0,4747.0,0.0,4747.0,0.0,4747.0,0.0,0.0
table,scenario_123,PA,0,1,JOINT,False,False,65802.0,0.0,7403.0,7403.0,0.0,7403.0,0.0,7403.0,2200.0,5203.0,0.0,0.0
