variable,mean_score,mean_exact,mean_within_1pct,mean_within_5pct,mean_threshold_score,mean_mae,mean_mape,mean_within_10pct,mean_accuracy,mean_coverage,total_n,parsed_n
federal_income_tax_before_refundable_credits,0.8291135864963634,0.639515685195377,0.6568519537699504,0.7063841496973032,0.6834755090809026,746.0624693943573,0.5060190880264016,0.7311502476609796,,0.988167308750688,3634,3591
federal_refundable_credits,0.9190875115986977,0.8684560780834072,0.8804347826086957,0.8926353149955635,0.8862577639751553,173.00560977562694,0.28203535783422007,0.9035048802129547,,0.9855811889973382,4508,4443
free_school_meals_eligible,0.9795652173913044,0.9795652173913044,0.9795652173913044,0.9795652173913044,0.9795652173913044,0.016597518325534345,,0.9795652173913044,0.9795652173913044,0.9960869565217392,4600,4582
local_income_tax,0.9930434782608696,0.9930434782608696,0.9930434782608696,0.9930434782608696,0.9930434782608696,6.366352173913043,,0.9930434782608696,,0.9947826086956522,4600,4576
payroll_tax,0.9512885899304093,0.8100686498855836,0.8423340961098399,0.8874141876430207,0.8620137299771166,261.8543115967522,0.04877540285534813,0.9082379862700228,,0.985812356979405,4370,4308
person_chip_eligible,0.9579955784819455,0.9579955784819455,0.9579955784819455,0.9579955784819455,0.9579955784819455,0.0355996940768357,,0.9579955784819455,0.9579955784819455,0.9934905428641612,8142,8089
person_early_head_start_eligible,0.9834096109839817,0.9834096109839817,0.9834096109839817,0.9834096109839817,0.9834096109839817,0.010885026903333539,,0.9834096109839817,0.9834096109839817,0.994279176201373,1748,1738
person_head_start_eligible,0.9713958810068649,0.9713958810068649,0.9713958810068649,0.9713958810068649,0.9713958810068649,0.02288329519450801,,0.9713958810068649,0.9713958810068649,0.994279176201373,1748,1738
person_medicaid_eligible,0.9218396582055793,0.9218396582055793,0.9218396582055793,0.9218396582055793,0.9218396582055793,0.07223360158487031,,0.9218396582055793,0.9218396582055793,0.9938426740387031,7958,7909
person_medicare_eligible,0.9723205257836198,0.9723205257836198,0.9723205257836198,0.9723205257836198,0.9723205257836198,0.02283453835564706,,0.9723205257836198,0.9723205257836198,0.9950707785642063,7912,7873
person_wic_eligible,0.9792434291328912,0.9792434291328912,0.9792434291328912,0.9792434291328912,0.9792434291328912,0.015484245550568322,,0.9792434291328912,0.9792434291328912,0.9947187423237535,8142,8099
reduced_price_school_meals_eligible,0.9850000000000001,0.9850000000000001,0.9850000000000001,0.9850000000000001,0.9850000000000001,0.01092008078387851,,0.9850000000000001,0.9850000000000001,0.9958695652173913,4600,4581
self_employment_tax,0.976146812550527,0.9704347826086956,0.9752173913043478,0.9756521739130435,0.9744021739130434,23.08262975507091,0.037295638672444176,0.9763043478260869,,0.9882608695652174,4600,4546
snap,0.8950815250162902,0.8419822346891072,0.8548387096774193,0.8740065451145395,0.8627279102384292,221.95803343535022,0.7373026265141042,0.8800841514726507,,0.9955586722767649,4278,4259
ssi,0.9870536611205077,0.9773644105782161,0.9807261317794712,0.9836396234872254,0.9815665620797849,77.86850121885766,0.24877145637345424,0.9845360824742267,,0.9952935903182428,4462,4441
state_income_tax_before_refundable_credits,0.843582367032528,0.6506393861892583,0.6736572890025575,0.7283887468030691,0.7044757033248082,204.39797151554535,0.38899262134225543,0.7652173913043478,,0.9905370843989769,3910,3873
state_refundable_credits,0.854945577117676,0.8194321206743567,0.8198757763975155,0.8245341614906833,0.8230368234250223,61.134148706701154,0.947599145924913,0.8283052351375332,,0.9875776397515529,4508,4452
tanf,0.9882009832576173,0.9845652173913043,0.9850000000000001,0.9850000000000001,0.9850000000000001,43.13453546934715,0.6283439336657944,0.9854347826086957,,0.9952173913043478,4600,4578
